# Blender 4.5.3 LTS
# www.blender.org
mtllib tree.mtl
o Cube
v 0.509762 0.499439 -0.305687
v 1.000000 -1.000000 -0.521982
v 0.539731 0.431929 0.261710
v 1.000000 -1.000000 0.497576
v -0.534984 0.654647 -0.249635
v -1.000000 -1.000000 -0.598701
v -0.535426 0.625752 0.254463
v -1.000000 -1.000000 0.542221
v 0.000000 -1.000000 -1.381789
v -0.000657 0.405026 0.732419
v 0.000000 -1.000000 1.371602
v 0.027670 0.523272 -0.720244
v 0.051521 2.449040 0.920905
v -0.471871 2.378178 0.441616
v 0.476147 2.733080 -0.049733
v 0.511703 2.383761 0.534849
v -0.395595 2.612148 0.021836
v 0.023178 2.915185 -0.222312
v 0.106523 4.718349 1.462756
v -0.372199 4.803711 1.147274
v 0.555310 4.601154 0.609294
v 0.480911 4.847613 1.308979
v -0.398101 4.786545 0.604037
v 0.033538 4.392105 0.204059
v 0.116564 6.650157 1.185056
v -0.356170 6.602121 0.843377
v 0.585438 6.665555 0.292755
v 0.528131 6.505310 0.931150
v -0.388228 6.583717 0.317219
v 0.086826 6.801100 -0.125204
v 0.618928 8.906300 -0.102928
v 0.638410 8.756153 0.514739
v -0.358641 8.461637 -0.100498
v 0.126124 8.681081 -0.411240
v 0.075913 10.501144 0.750100
v -0.231209 10.829151 0.489507
v 0.630779 10.560685 -0.243778
v 0.712880 10.837817 0.311241
v -0.253082 10.905317 -0.127677
v 0.151161 11.082610 -0.464310
v 0.330821 13.476985 1.317693
v 0.121809 13.289888 1.094094
v 0.507309 13.641841 1.050375
v 0.502834 13.551888 1.196350
v 0.125918 13.372459 0.960099
v 0.342908 13.719911 0.923479
v 0.564482 14.074610 -1.939590
v 0.481500 14.026452 -1.984585
v 0.642646 13.965979 -2.051836
v 0.644450 14.024685 -1.992961
v 0.479481 13.960759 -2.050469
v 0.559610 13.916070 -2.098589
v -0.339446 8.452791 -0.110143
v 0.104063 8.653560 -0.394439
v -0.245190 11.031414 -0.053809
v 0.167982 11.189492 -0.470990
v -0.358641 8.461637 -0.100498
v 0.126124 8.681081 -0.411240
v -0.261568 11.001101 -0.113283
v 0.167982 11.189492 -0.470990
v -0.350506 9.712582 -0.076620
v 0.185943 9.951276 -0.476874
v 0.624853 9.733492 -0.173353
v -0.261121 9.969080 0.554795
v -0.350506 9.712582 -0.076620
v 0.185943 9.951276 -0.476874
v 0.589946 7.724334 0.719620
v 0.096021 7.897200 1.019880
v -0.320563 5.693215 0.396237
v 0.034073 5.552019 0.145114
v 0.518821 5.606245 0.447797
v 0.568649 5.801132 1.039974
v 0.029430 5.712339 1.363279
v -0.342933 5.712247 1.023675
v 0.557653 3.701274 0.814059
v -0.044911 3.563062 1.181495
v -0.377136 3.590717 0.853173
v -0.409061 3.765055 0.339180
v 0.068822 3.761575 0.020161
v 0.500950 3.717112 0.358029
v -0.050353 1.517714 0.805975
v -0.446820 1.545025 0.397206
v -0.425965 1.588349 -0.153468
v -0.058236 1.692354 -0.466066
v 0.550292 1.483038 0.346385
v 0.531375 1.641765 -0.111469
v 0.689750 12.494832 -0.870052
v 0.396204 12.365596 -0.574585
v 0.053346 12.368127 -0.674252
v 0.707269 12.365934 -1.206645
v 0.545779 12.124299 0.399713
v 0.566732 12.159006 0.755050
v 0.241077 11.941280 0.990249
v -0.054197 12.015547 0.811924
v -0.346439 10.338055 -0.064681
v -0.245662 10.355143 0.542275
v -0.346439 10.338055 -0.064681
v -0.255877 10.475410 -0.135883
v 0.215852 10.586373 -0.509691
v 0.627816 10.147089 -0.208566
v 0.215852 10.586373 -0.509691
v 0.130603 10.646088 -0.441753
v 0.156033 9.316178 -0.444057
v 0.621890 9.319896 -0.138141
v 0.678768 9.281562 0.447716
v 0.043097 9.546732 0.821932
v 0.156033 9.316178 -0.444057
v -0.354574 9.087109 -0.088559
v -0.276580 9.583016 0.567315
v -0.354574 9.087109 -0.088559
v 0.584897 8.239302 0.637689
v -0.346250 8.032296 -0.025223
v 0.027482 7.223978 1.108493
v 0.105061 7.203830 -0.179178
v 0.586674 7.179748 0.158567
v 0.604085 7.124767 0.809751
v -0.355672 6.114341 0.395198
v -0.383282 6.099062 0.881961
v 0.000853 6.119910 -0.014966
v 0.604400 6.146558 0.460630
v 0.529631 6.207213 0.944597
v 0.145381 6.192035 1.277542
v 0.077699 5.135938 0.182607
v 0.497288 5.178397 0.452206
v 0.565406 5.371192 1.195939
v 0.044394 5.326437 1.456818
v -0.362791 5.213648 0.515410
v -0.376155 5.270314 1.080932
v 0.490556 4.353841 1.103558
v -0.387374 4.230936 0.991928
v 0.093636 4.398603 1.378975
v -0.403830 4.192990 0.460113
v 0.073257 4.034314 0.114247
v 0.499937 4.081295 0.444242
v -0.060542 3.175221 1.079871
v -0.417968 3.225102 0.136632
v 0.017387 3.398967 -0.138539
v 0.534542 3.252973 0.189371
v 0.564110 3.115001 0.666002
v -0.381522 3.119106 0.778953
v -0.005212 1.974529 0.820338
v -0.413219 2.283968 -0.016815
v 0.507231 1.964669 0.443693
v 0.484188 2.210921 -0.069582
v -0.432666 1.986176 0.437864
v 0.021250 2.477578 -0.307050
v -0.513827 1.108112 0.285779
v -0.026824 1.169999 -0.547626
v -0.002236 0.931157 0.793382
v -0.443765 1.256881 -0.192507
v 0.547505 0.930843 0.319167
v 0.506725 1.013090 -0.245209
v 0.611669 11.557933 0.583670
v 0.189400 11.337987 0.875181
v -0.227329 11.481463 0.229005
v 0.300769 11.859670 -0.121321
v 0.570012 11.439225 0.087448
v -0.161589 11.333222 0.601120
v 0.540046 12.818081 0.723735
v 0.033806 12.652718 0.953009
v 0.554868 12.819651 0.938049
v 0.267094 12.733025 1.175795
v 0.251426 11.505743 0.038375
v -0.078859 11.622423 -0.131197
v 0.697962 11.693597 -0.277849
v -0.160534 11.737247 -0.564672
v 0.316180 11.868893 -0.969215
v 0.664109 11.400282 -0.715619
v 0.732694 13.073781 -1.298029
v 0.732434 12.999854 -1.562898
v 0.484229 13.184150 -1.122702
v 0.213377 13.243231 -1.292334
v -0.031586 9.135794 0.805227
v 0.102450 9.251812 0.805213
v -0.296801 9.275870 0.510243
v -0.229348 9.116552 0.643395
v -0.332686 8.437552 0.589340
v -0.255726 8.628839 0.689068
v -0.011118 8.656649 0.887438
v 0.157637 8.451600 0.907796
v 0.154546 7.814712 -0.248077
v 0.045631 7.649322 -0.242628
v 0.559284 7.856364 0.026728
v 0.625508 7.709609 0.153217
v 0.049274 8.292171 -0.325536
v 0.169150 8.139172 -0.291435
v 0.556287 8.244045 -0.038698
v 0.628646 8.441795 0.032292
v 0.653277 9.848701 0.421859
v 0.694884 9.752841 0.378896
v 0.093404 9.905603 0.771093
v 0.032917 9.820199 0.785400
v 0.708020 10.367194 0.325025
v 0.662576 10.265076 0.385621
v 0.101357 10.145164 0.752614
v 0.044720 10.224463 0.757037
v -0.307380 9.674326 -0.110176
v -0.350131 9.770193 -0.075520
v 0.138359 9.872149 -0.440393
v 0.189291 10.010467 -0.479206
v 0.153233 9.256730 -0.440985
v 0.112937 9.355037 -0.415175
v -0.309648 9.164927 -0.118471
v -0.354363 9.029274 -0.088786
v -0.370330 7.745347 0.637026
v -0.281573 7.909966 0.759042
v -0.373772 7.500012 0.174777
v -0.327971 7.603354 0.043974
v -0.341013 6.995270 0.154403
v -0.382310 7.177240 0.239920
v -0.393825 7.271216 0.681836
v -0.280412 7.136181 0.885544
v -0.048611 12.265022 0.448179
v -0.116614 12.074348 0.458317
v 0.251986 12.491359 0.251288
v 0.333257 12.313245 0.168712
v 0.019104 12.795862 0.764528
v 0.045788 12.753169 0.652927
v 0.271704 12.989672 0.544082
v 0.318213 13.151142 0.593204
v -0.483465 9.065870 1.052323
v -0.371453 9.075174 1.143801
v -0.497048 8.789475 1.071860
v -0.358515 8.803273 1.184044
v -1.014142 9.811037 3.372909
v -0.939510 9.833971 3.432470
v -1.038270 9.641575 3.450621
v -0.945830 9.671160 3.523134
v -1.271989 11.016238 4.064982
v -1.217042 11.044526 4.102233
v -1.301447 10.923785 4.163297
v -1.233295 10.959276 4.208256
v -0.549459 9.583798 -0.604090
v -0.532989 9.284154 -0.670920
v -0.289896 9.756495 -0.774735
v -0.286900 9.447405 -0.822719
v -0.187049 9.963616 -1.761365
v -0.153231 9.805214 -1.887304
v -0.033645 10.137478 -1.811305
v -0.007503 9.966906 -1.928772
v 0.401612 10.913113 -3.779863
v 0.431400 10.829329 -3.890787
v 0.498861 11.045524 -3.784232
v 0.524004 10.951797 -3.891495
v 0.984243 10.203039 1.162336
v 0.989331 9.973579 1.219075
v 0.672910 10.022738 1.413393
v 0.671463 10.155028 1.382054
v 1.395095 11.856839 3.344228
v 1.390264 11.934988 3.318066
v 1.355364 12.979974 4.256589
v 1.360542 12.911812 4.275262
v 1.266700 12.923703 4.335728
v 1.264170 12.963033 4.325361
v -0.711022 7.614037 0.542090
v -0.763818 7.351622 0.563924
v -0.731488 7.480673 0.280028
v -0.763419 7.301184 0.314422
v -1.749859 7.957176 0.401698
v -1.865029 7.818877 0.410034
v -1.800614 7.889880 0.222824
v -1.877208 7.793592 0.241590
v -2.650765 9.400088 0.291524
v -2.733368 9.305287 0.296589
v -3.613041 9.861147 0.293574
v -3.644916 9.784024 0.296724
v -3.634306 9.828491 0.210616
v -3.654342 9.774994 0.218655
v 0.245700 8.092810 -0.306659
v 0.273196 7.840185 -0.322640
v 0.603066 7.882206 -0.135611
v 0.553347 8.183481 -0.125442
v 0.926985 8.559867 -1.378677
v 0.959015 8.455109 -1.417800
v 1.113097 8.482612 -1.341104
v 1.066854 8.606984 -1.297806
v 1.673744 9.468699 -2.593040
v 1.690608 9.388066 -2.625139
v 1.808570 9.395712 -2.565338
v 1.782359 9.492121 -2.529667
v 2.517032 10.367936 -2.848630
v 2.520421 10.315925 -2.866340
v 2.593943 10.312126 -2.829140
v 2.586155 10.374759 -2.809661
v -0.902965 9.428550 2.855931
v -0.881472 9.624745 2.792762
v -0.505344 9.020245 1.768816
v -0.513467 9.264874 1.715968
v -1.078276 10.439249 3.767352
v -1.089562 10.315218 3.865695
v -1.143065 10.413637 3.718946
v -1.169859 10.282681 3.806959
v -1.017696 9.993189 3.694415
v -1.104064 9.962128 3.628790
v -1.008893 10.136610 3.599911
v -1.078603 10.112337 3.545927
v -1.147659 10.741888 3.934793
v -1.207527 10.714937 3.891964
v -1.161429 10.637247 4.036976
v -1.235653 10.603233 3.985128
v -0.145339 9.710619 -1.383119
v -0.160062 9.949526 -1.299930
v 0.285242 10.573301 -3.389916
v 0.365734 10.818512 -3.291000
v 0.391127 10.705574 -3.400815
v 0.254446 10.675738 -3.275239
v -0.096085 10.044644 -1.558725
v -0.075584 9.840320 -1.659262
v -0.216120 9.579012 -1.102919
v -0.457648 9.680019 -0.897266
v -0.436784 9.416155 -0.979071
v -0.224979 9.853010 -1.037332
v 0.635431 8.164974 -0.901080
v 0.605540 8.339499 -0.872876
v 1.460834 8.939161 -1.953221
v 1.424607 9.049553 -1.913736
v 0.797223 8.310041 -1.159440
v 0.766263 8.449682 -1.125776
v 1.245731 8.828268 -1.605771
v 1.286965 8.710886 -1.647162
v 1.141913 8.688348 -1.719635
v 1.113675 8.787075 -1.682268
v 1.634702 9.167437 -2.259279
v 1.603483 9.270837 -2.221702
v 0.737759 8.040767 -0.453969
v 0.454313 8.002580 -0.611860
v 0.425620 8.216154 -0.589767
v 0.688959 8.295324 -0.435050
v 2.095388 9.918318 -2.720835
v 2.184258 9.933439 -2.669664
v 1.884566 9.693508 -2.656937
v 1.983308 9.712780 -2.599666
v 2.312968 10.083960 -2.806040
v 2.306210 10.143127 -2.784732
v 2.385206 10.154099 -2.739663
v 2.397600 10.083023 -2.763190
v -1.322420 7.588642 0.485861
v -1.328401 7.550963 0.277477
v -1.045910 7.426074 0.295950
v -0.974503 7.701067 0.506483
v -1.043119 7.470132 0.524893
v -1.002651 7.584460 0.265519
v -1.593724 7.703760 0.447948
v -1.602805 7.672277 0.259533
v -2.314687 8.547688 0.209981
v -2.249131 8.628969 0.194386
v -2.095948 8.170640 0.225786
v -2.024872 8.259424 0.208605
v -2.517573 8.935893 0.324782
v -2.426877 9.041504 0.318904
v -3.200669 9.533936 0.198701
v -3.163328 9.593908 0.188450
v -3.131903 9.630617 0.292549
v -3.189142 9.544656 0.296656
v -2.927838 9.476618 0.177367
v -2.961255 9.424972 0.296623
v -2.973833 9.413406 0.188724
v -2.891334 9.515352 0.292037
v -3.427506 9.654465 0.208678
v -3.372472 9.745882 0.293061
v -3.398817 9.711200 0.199533
v -3.417029 9.664340 0.296690
v 0.383157 9.964170 1.092243
v 0.386410 10.150097 1.067334
v 0.823410 10.234057 0.773979
v 0.821304 9.911140 0.820467
v 1.034003 10.939789 2.378810
v 1.287867 10.899189 2.222278
v 1.210564 11.489998 2.834063
v 1.214549 11.398314 2.861519
v 0.853456 10.481264 1.896102
v 1.138599 10.436384 1.720676
v 1.473473 12.368305 3.750372
v 1.330897 12.390271 3.839978
v 1.465901 12.470062 3.717642
v 1.327217 12.449011 3.821713
v 1.362996 12.123555 3.592103
v 1.529938 12.096552 3.487926
v 1.521170 12.215107 3.448169
v 1.358741 12.191999 3.569890
v 1.417008 12.640059 4.012817
v 1.410633 12.725018 3.987116
v 1.295693 12.706022 4.073537
v 1.298799 12.656987 4.087852
v -0.664187 9.428177 2.337277
v -0.665993 9.442753 2.245676
v -0.662068 9.289843 2.378938
v -0.662688 9.224135 2.311553
v -0.788479 9.594258 2.838205
v -0.826497 9.654962 2.893405
v -0.789414 9.477964 2.885958
v -0.808289 9.469394 2.974759
v -0.755478 9.230891 2.306560
v -0.754793 9.243917 2.211288
v -0.743072 9.382520 2.181057
v -0.758037 9.452995 2.253203
v -0.585466 9.237385 1.596439
v -0.628426 9.221541 1.679743
v -0.638834 9.061346 1.701611
v -0.623045 8.987194 1.625547
v 1.047041 11.029058 2.311575
v 1.037254 11.053109 2.383952
v 1.249594 11.058744 2.165822
v 1.278433 11.099640 2.198733
v 1.117276 10.621781 1.650354
v 1.114474 10.657929 1.705805
v 0.883141 10.623105 1.870094
v 0.841721 10.569147 1.857591
v 1.573674 11.930312 3.170970
v 1.566929 11.968044 3.193838
v 1.577627 11.836656 3.239989
v 1.581014 11.830137 3.205607
v 1.424655 11.347431 2.712917
v 1.440250 11.393231 2.732039
v 1.433521 11.514907 2.694311
v 1.424545 11.502537 2.662272
v -0.336208 9.580589 -1.299624
v -0.334640 9.544333 -1.258512
v -0.356095 9.760693 -1.223186
v -0.360260 9.775632 -1.159699
v -0.256092 9.690399 -1.555946
v -0.240766 9.701262 -1.605530
v -0.257737 9.889793 -1.491757
v -0.279311 9.841264 -1.468701
v 0.211822 10.563339 -2.773317
v 0.227489 10.587483 -2.816677
v 0.116334 10.447000 -2.752645
v 0.107603 10.430565 -2.790021
v -0.052319 10.172909 -2.241592
v -0.017486 10.230080 -2.292345
v 0.089584 10.356010 -2.321982
v 0.082202 10.341523 -2.279583
v 0.149262 10.358047 -2.923000
v 0.152808 10.328647 -2.862494
v 0.227629 10.417395 -2.875729
v 0.267706 10.499375 -2.943556
v 0.118081 10.222064 -2.391853
v 0.110443 10.201996 -2.445237
v 0.025822 10.104521 -2.425241
v -0.000440 10.062727 -2.360579
v 2.108476 9.843095 -2.737734
v 2.108390 9.863825 -2.745965
v 2.182547 9.844614 -2.700158
v 2.205364 9.862991 -2.701683
v 1.993511 9.615447 -2.630478
v 2.001751 9.633501 -2.639521
v 1.917550 9.629761 -2.682143
v 1.884530 9.613468 -2.680903
v 0.878930 8.267444 -0.807213
v 0.855141 8.178901 -0.731118
v 0.853753 8.375629 -0.792928
v 0.807412 8.385784 -0.703454
v 0.940237 8.446654 -0.989098
v 0.965776 8.516603 -1.064053
v 1.009657 8.361725 -1.097325
v 0.962656 8.366448 -1.006367
v 1.330042 8.961039 -2.031355
v 1.324322 8.907505 -1.994875
v 1.318744 9.004324 -2.014654
v 1.299389 9.002491 -1.958520
v 1.490126 9.164524 -2.294354
v 1.519292 9.170658 -2.342248
v 1.480974 9.202392 -2.279638
v 1.510264 9.258077 -2.301252
v -1.305111 7.718750 0.284886
v -1.244801 7.653686 0.251682
v -1.281648 7.784170 0.429644
v -1.202368 7.769382 0.462800
v -1.492087 7.789945 0.275053
v -1.583134 7.783294 0.233659
v -1.463753 7.844707 0.404841
v -1.534623 7.880134 0.418391
v -2.703423 9.370784 0.178983
v -2.694550 9.326964 0.169807
v -2.724239 9.290862 0.176589
v -2.760974 9.301898 0.188856
v -2.455989 8.982152 0.189171
v -2.493629 8.995892 0.182595
v -2.528361 8.953206 0.190692
v -2.520684 8.902902 0.195080
v -2.260953 8.562954 0.353755
v -2.322175 8.592723 0.334250
v -2.207133 8.626377 0.350095
v -2.230252 8.702456 0.344583
v -2.017663 8.322919 0.373304
v -1.966356 8.280070 0.376880
v -2.078452 8.250547 0.377560
v -2.067926 8.157763 0.367444
v 0.056598 12.505573 -1.149360
v -0.011689 12.356564 -0.964802
v 0.345541 12.558450 -1.390866
v 0.423364 12.487609 -1.368796
v 0.197715 13.133861 -1.586182
v 0.176882 13.238828 -1.582777
v 0.408984 13.120360 -1.756796
v 0.490675 13.226600 -1.843595
v 1.018008 8.376162 -0.937702
v 0.971289 8.312702 -0.792068
v 0.946009 8.386374 -0.787272
v 0.996794 8.430874 -0.929416
v 1.120349 8.447467 -0.822113
v 1.109886 8.428310 -0.760908
v 1.094491 8.454745 -0.762300
v 1.108060 8.467193 -0.821245
v 1.334125 8.644786 -0.722456
v 1.319569 8.622867 -0.666378
v 1.308117 8.649713 -0.665833
v 1.324745 8.664753 -0.720266
v 1.601991 8.694359 -0.531980
v 1.584291 8.674267 -0.492965
v 1.579949 8.695888 -0.489652
v 1.598011 8.710381 -0.528202
v 1.315129 9.042430 -2.119471
v 1.316703 9.022609 -2.131122
v 1.416675 9.124046 -2.238078
v 1.415642 9.141308 -2.227835
v 0.916680 9.220473 -2.543028
v 0.914032 9.215412 -2.554942
v 1.002311 9.261558 -2.577420
v 1.004775 9.265845 -2.567012
v 0.848504 9.432226 -2.705454
v 0.846770 9.432932 -2.714921
v 0.919573 9.449097 -2.715808
v 0.921166 9.448360 -2.707577
v 2.085003 9.768300 -2.756189
v 2.023020 9.635405 -2.721744
v 2.121084 9.781302 -2.736954
v 2.063728 9.651175 -2.699978
v 2.303235 9.662854 -2.708510
v 2.285095 9.594577 -2.684154
v 2.319495 9.673522 -2.699858
v 2.303339 9.607150 -2.674420
v 2.656316 9.425500 -2.865390
v 2.640869 9.387062 -2.848649
v 2.666659 9.431044 -2.860468
v 2.652515 9.393643 -2.843131
v 0.175009 10.279343 -2.796229
v 0.122635 10.105451 -2.513088
v 0.212839 10.346621 -2.802499
v 0.165738 10.179799 -2.523592
v 0.482776 10.122217 -2.783704
v 0.438429 10.033229 -2.670339
v 0.504172 10.149453 -2.781351
v 0.462770 10.063438 -2.669292
v 0.747024 9.897498 -2.634286
v 0.720517 9.871339 -2.600286
v 0.756710 9.903576 -2.632276
v 0.731489 9.878056 -2.598567
v -0.831017 9.234325 2.093737
v -0.710288 9.129827 1.771369
v -0.841655 9.323591 2.071998
v -0.725130 9.232685 1.754593
v -1.160262 8.990000 1.891760
v -1.102641 8.959403 1.748494
v -1.170315 9.028491 1.884314
v -1.115319 9.003409 1.743529
v -1.664241 9.198229 1.595392
v -1.639523 9.184705 1.512801
v -1.668369 9.220166 1.593132
v -1.644755 9.209691 1.512225
v -1.288796 7.860683 0.369909
v -1.420504 7.870566 0.359447
v -1.297512 7.821366 0.267599
v -1.433818 7.836626 0.268065
v -1.316266 8.352936 0.265724
v -1.369773 8.347391 0.262074
v -1.316880 8.329180 0.227813
v -1.372619 8.326273 0.228177
v -1.305955 8.598810 0.036240
v -1.341072 8.597397 0.032578
v -1.306719 8.577279 0.016347
v -1.343245 8.578339 0.014672
v -2.666759 9.179669 -0.062658
v -2.676437 9.167011 -0.059216
v -2.592196 9.069759 -0.047006
v -2.603511 9.054803 -0.042908
v -2.788332 8.955671 -0.368729
v -2.792780 8.949411 -0.366512
v -2.749230 8.904608 -0.355981
v -2.754427 8.897218 -0.353346
v -2.580065 9.010538 -0.666503
v -2.583354 9.005875 -0.664871
v -2.550916 8.972662 -0.657204
v -2.554759 8.967156 -0.655264
v -0.426429 9.791706 -1.475179
v -0.465934 9.745120 -1.332299
v -0.445247 9.641659 -1.373761
v -0.405370 9.705037 -1.523307
v -0.641061 9.711929 -1.510093
v -0.667187 9.687313 -1.434865
v -0.665686 9.631884 -1.459830
v -0.637750 9.665497 -1.538177
v -0.896023 9.783194 -1.573202
v -0.917211 9.773708 -1.535300
v -0.930903 9.750226 -1.552977
v -0.906316 9.763492 -1.591810
v -1.066049 9.982519 -1.626072
v -1.083452 9.978031 -1.599040
v -1.097483 9.965339 -1.613282
v -1.076920 9.971840 -1.640769
v 0.015644 10.619835 -2.646214
v -0.051144 10.496629 -2.400881
v -0.039815 10.557618 -2.636439
v -0.113123 10.429184 -2.386240
v -0.024650 10.886153 -2.426893
v -0.060808 10.830609 -2.293954
v -0.050920 10.851398 -2.419934
v -0.090375 10.793035 -2.284342
v -0.264055 11.290477 -2.382474
v -0.279197 11.268443 -2.318072
v -0.278419 11.276354 -2.377661
v -0.295177 11.253278 -2.311846
v -0.274090 11.612020 -2.188922
v -0.277297 11.605546 -2.172765
v -0.278470 11.609510 -2.187453
v -0.282097 11.602856 -2.170900
v -0.563831 9.372110 2.507813
v -0.658669 9.473090 2.788054
v -0.586111 9.445109 2.479811
v -0.675993 9.534407 2.757325
v -0.383109 9.534968 2.621792
v -0.426900 9.576459 2.740292
v -0.395713 9.564626 2.609249
v -0.436916 9.601358 2.726687
v -0.045214 9.580179 2.725694
v -0.074553 9.601581 2.788110
v -0.055877 9.593330 2.717571
v -0.083192 9.612553 2.779623
v 0.151563 9.757315 2.791933
v 0.128912 9.766848 2.829659
v 0.142168 9.761292 2.786187
v 0.121232 9.770093 2.823802
v 1.009085 11.008371 2.099347
v 0.919860 10.843186 1.875147
v 1.107801 11.016932 2.034910
v 1.032610 10.853313 1.802608
v 0.907224 11.382747 1.803112
v 0.875487 11.321424 1.716585
v 0.944213 11.388359 1.778570
v 0.917732 11.327955 1.688958
v 0.602180 11.690893 1.599464
v 0.585613 11.664947 1.557707
v 0.619979 11.692129 1.588449
v 0.605942 11.666412 1.545317
v 0.538353 12.052371 1.477797
v 0.527252 12.042063 1.452334
v 0.548799 12.050934 1.472120
v 0.539183 12.040443 1.445962
v 1.616749 11.738735 3.047751
v 1.595197 11.781519 3.038446
v 1.586854 11.543830 2.817795
v 1.561956 11.596015 2.808311
v 1.895762 11.822542 2.840650
v 1.879930 11.836998 2.840337
v 1.894867 11.745042 2.732458
v 1.876264 11.762833 2.732795
v 2.234566 11.809571 2.712877
v 2.225936 11.814301 2.713992
v 2.236710 11.777452 2.660502
v 2.226521 11.783352 2.662164
v 2.434445 11.897986 2.607683
v 2.427554 11.899796 2.609421
v 2.437027 11.877418 2.567159
v 2.428866 11.879766 2.569485
v 0.195038 12.601780 -1.566320
v 0.034856 12.573310 -1.428240
v 0.106690 12.920892 -1.682558
v 0.224225 12.912530 -1.779476
v -0.298847 12.356701 -2.149781
v -0.352068 12.336559 -2.110007
v -0.331275 12.464699 -2.167712
v -0.291805 12.469875 -2.197368
v -0.263808 12.128951 -2.824116
v -0.292713 12.111872 -2.801007
v -0.291563 12.189527 -2.831404
v -0.269340 12.196528 -2.848907
v -0.939290 11.604214 -3.682997
v -0.952095 11.596544 -3.669391
v -0.956452 11.631503 -3.690998
v -0.946262 11.634453 -3.700796
v -0.095062 12.784587 0.453597
v -0.087226 12.455649 0.331508
v 0.073622 12.637004 0.197084
v 0.016544 12.964108 0.376568
v -0.985919 12.728426 0.239071
v -0.978756 12.590389 0.163186
v -0.902751 12.679272 0.120366
v -0.933671 12.812868 0.220148
v -1.453136 13.203698 -0.321610
v -1.465493 13.135605 -0.376721
v -1.409427 13.175199 -0.389806
v -1.411735 13.242448 -0.322535
v -1.829221 13.311412 -0.181165
v -1.841309 13.257715 -0.223079
v -1.795733 13.285991 -0.233523
v -1.795234 13.339886 -0.182226
v 0.651050 13.115438 -0.904299
v 0.674989 12.687521 -0.488662
v 0.828901 12.746859 -0.693808
v 0.798535 13.044036 -1.010525
v 1.300893 13.764456 -0.402273
v 1.341026 13.618074 -0.205740
v 1.390765 13.627836 -0.302788
v 1.355475 13.727549 -0.449768
v 2.207815 13.926598 -0.203280
v 2.228014 13.846531 -0.100539
v 2.251664 13.849615 -0.153537
v 2.233294 13.904593 -0.230213
v 0.747427 12.707150 0.833290
v 0.795108 12.287161 0.727526
v 0.775737 12.257147 0.503068
v 0.733058 12.701133 0.697655
v 2.481266 12.933115 1.094324
v 2.534305 12.708774 1.050392
v 2.520741 12.683052 0.931483
v 2.470780 12.923841 1.022137
v 3.548145 13.292150 2.461199
v 3.586594 13.145359 2.437822
v 3.577569 13.125299 2.360815
v 3.541081 13.284077 2.414303
v 0.023590 13.647001 1.329848
v -0.082522 13.519227 1.176551
v -0.085906 13.576612 1.095704
v 0.013634 13.815832 1.091996
v -1.154525 13.904627 1.763058
v -1.210596 13.847282 1.694727
v -1.210601 13.872744 1.656124
v -1.154539 13.979538 1.649487
v -1.748130 14.536821 2.107077
v -1.791376 14.508759 2.071940
v -1.789215 14.521160 2.047623
v -1.741772 14.573306 2.035536
v 0.486519 13.776902 1.170756
v 0.471383 13.708099 1.267435
v 0.383193 13.850316 1.082005
v 0.342318 13.664507 1.343091
v 1.411834 14.132344 1.645120
v 1.402532 14.096210 1.694358
v 1.360004 14.172450 1.599393
v 1.334883 14.074865 1.732364
v 2.608001 14.961418 2.087208
v 2.605586 14.943144 2.114848
v 2.577558 14.979052 2.062533
v 2.571036 14.929703 2.137175
v 0.690261 13.545809 -1.647580
v 0.685273 13.483059 -1.812270
v 0.529738 13.624529 -1.527313
v 0.349902 13.634521 -1.633417
v 0.326217 13.603464 -1.814734
v 0.519839 13.576115 -1.974869
v 0.669045 13.781822 -1.822355
v 0.661692 13.724661 -1.936956
v 0.534421 13.750872 -2.040506
v 0.552492 13.844719 -1.729619
v 0.418165 13.830168 -1.803959
v 0.400885 13.785783 -1.930712
v 0.506984 13.404339 -1.325008
v 0.281639 13.438876 -1.462876
v 0.251549 13.421146 -1.698755
v 0.711477 13.309795 -1.472804
v 0.708854 13.241457 -1.687584
v 0.505257 13.401358 -1.909232
v 0.413766 14.162584 -2.115366
v 0.347634 14.121868 -2.153233
v 0.481089 14.073054 -2.203307
v 0.480643 14.121823 -2.156200
v 0.348134 14.067296 -2.205947
v 0.414971 14.030883 -2.242580
v 0.189242 14.374142 -2.344799
v 0.144668 14.354408 -2.367988
v 0.223226 14.324545 -2.410390
v 0.227191 14.350505 -2.377147
v 0.140230 14.325361 -2.405187
v 0.178533 14.304036 -2.434572
v -0.071675 14.651377 -2.566521
v -0.090802 14.643928 -2.576077
v -0.058627 14.631667 -2.595404
v -0.056351 14.641837 -2.581011
v -0.093350 14.632547 -2.592183
v -0.077823 14.623913 -2.605390
v 0.678077 14.026030 -1.912751
v 0.632771 14.062393 -1.870854
v 0.679714 13.855237 -1.814771
v 0.613454 13.900908 -1.744405
v 1.103560 14.021103 -1.566067
v 1.093653 14.037062 -1.547740
v 1.089691 13.957785 -1.534393
v 1.074776 13.978174 -1.504462
v 1.691018 13.749408 -1.685635
v 1.687509 13.759600 -1.674620
v 1.678285 13.714025 -1.666113
v 1.672752 13.727263 -1.648135
v 0.353383 13.663992 -1.511058
v 0.456059 13.656915 -1.431911
v 0.417498 13.533897 -1.297488
v 0.290211 13.556059 -1.400869
v -0.201262 13.931591 -1.217816
v -0.152181 13.926141 -1.181013
v -0.171405 13.867361 -1.117916
v -0.232087 13.880505 -1.165937
v -0.692642 14.192260 -0.718026
v -0.659779 14.187938 -0.699975
v -0.665232 14.147506 -0.664380
v -0.706191 14.156912 -0.687782
vn 0.8664 0.2247 -0.4459
vn 0.7910 -0.4929 -0.3625
vn 0.9101 0.1645 0.3805
vn 0.7921 -0.4905 0.3632
vn -0.8716 0.2389 -0.4281
vn -0.7758 -0.4914 -0.3958
vn -0.9091 0.1705 0.3800
vn -0.7773 -0.4968 0.3861
vn 0.0188 -0.4351 -0.9002
vn 0.0054 0.2041 0.9789
vn 0.0173 -0.4290 0.9032
vn 0.0304 0.3239 -0.9456
vn 0.0102 -0.2201 0.9754
vn -0.9488 -0.0661 0.3090
vn 0.8075 0.0844 -0.5838
vn 0.8997 -0.1126 0.4216
vn -0.8660 0.0939 -0.4911
vn -0.0511 0.1886 -0.9807
vn -0.0506 -0.1373 0.9892
vn -0.8629 -0.0402 0.5038
vn 0.9399 -0.0264 -0.3403
vn 0.7849 -0.0659 0.6161
vn -0.9310 0.0307 -0.3638
vn -0.0375 0.1328 -0.9904
vn -0.0120 0.1274 0.9918
vn -0.8948 0.0748 0.4402
vn 0.8984 -0.1286 -0.4200
vn 0.8499 0.0861 0.5199
vn -0.9343 -0.0109 -0.3562
vn -0.0084 -0.2074 -0.9782
vn 0.8527 -0.1142 -0.5097
vn 0.8957 0.0359 0.4432
vn 0.2487 0.6233 -0.7414
vn -0.5766 0.8156 -0.0483
vn 0.0467 -0.0261 0.9986
vn -0.9486 -0.2850 0.1374
vn 0.9215 0.0879 -0.3782
vn 0.9002 0.1420 0.4117
vn -0.6500 0.0257 -0.7595
vn -0.6189 0.0176 -0.7853
vn 0.0931 -0.0550 0.9941
vn -0.8648 -0.2638 0.4273
vn 0.9135 0.2676 -0.3064
vn 0.8979 -0.0627 0.4357
vn -0.8369 0.0817 -0.5412
vn 0.0640 0.7252 -0.6856
vn 0.2777 -0.6575 -0.7004
vn 0.8025 -0.3127 -0.5081
vn -0.2914 -0.0136 0.9565
vn 0.9123 -0.4036 -0.0689
vn 0.9130 0.3710 0.1696
vn -0.1312 0.4668 0.8746
vn -0.8628 -0.0950 -0.4966
vn 0.0531 -0.1951 -0.9793
vn -0.8309 0.5177 -0.2041
vn 0.2397 0.9676 0.0797
vn 0.7764 0.6223 0.1003
vn 0.3311 0.4160 0.8469
vn -0.8710 0.3668 -0.3268
vn -0.4766 0.7872 -0.3915
vn -0.6944 0.7139 0.0903
vn 0.3981 0.6814 -0.6142
vn 0.8472 -0.0562 -0.5283
vn -0.8597 0.0444 0.5089
vn 0.5858 0.7090 -0.3926
vn -0.5411 0.7325 0.4131
vn 0.8634 0.0583 0.5011
vn -0.0184 0.1741 0.9846
vn -0.8845 -0.0989 -0.4560
vn -0.0626 -0.1460 -0.9873
vn 0.8694 -0.0742 -0.4885
vn 0.8887 0.0739 0.4525
vn -0.1474 0.2475 0.9576
vn -0.8991 0.1216 0.4204
vn 0.9100 -0.0903 0.4047
vn -0.1017 -0.2293 0.9680
vn -0.9039 -0.0709 0.4219
vn -0.8944 0.1614 -0.4171
vn 0.0525 0.3385 -0.9395
vn 0.8748 0.1754 -0.4517
vn -0.0993 -0.0569 0.9934
vn -0.9231 0.0158 0.3841
vn -0.8867 0.1189 -0.4469
vn -0.1037 0.1744 -0.9792
vn 0.9174 -0.0063 0.3978
vn 0.8745 0.0991 -0.4749
vn 0.9708 -0.1787 0.1598
vn 0.8994 -0.4055 0.1636
vn 0.6565 -0.5144 -0.5517
vn 0.6495 0.3650 0.6671
vn 0.8906 0.0815 -0.4475
vn 0.7367 -0.3583 0.5735
vn 0.0462 -0.2027 0.9782
vn -0.8412 -0.0203 0.5403
vn -0.9100 0.3894 0.1422
vn -0.8490 0.0792 0.5224
vn -0.7849 0.4220 -0.4537
vn -0.6357 0.0131 -0.7718
vn 0.3843 0.7039 -0.5974
vn 0.8432 -0.0377 -0.5362
vn -0.4282 0.7238 -0.5410
vn -0.6141 -0.0008 -0.7893
vn 0.8092 0.4081 -0.4226
vn 0.8530 -0.0699 -0.5171
vn 0.8957 0.0236 0.4441
vn -0.0760 0.0258 0.9968
vn -0.3897 0.4555 0.8004
vn -0.7241 0.4598 0.5140
vn -0.8592 -0.0136 0.5115
vn 0.9008 0.4242 -0.0926
vn 0.8646 0.0708 0.4975
vn -0.8966 -0.0819 -0.4353
vn -0.0903 0.1227 0.9883
vn 0.0337 -0.1604 -0.9865
vn 0.8731 -0.0893 -0.4793
vn 0.8734 0.0416 0.4853
vn -0.9226 -0.0918 -0.3747
vn -0.9241 0.0545 0.3783
vn -0.1016 -0.1906 -0.9764
vn 0.9321 -0.0860 -0.3519
vn 0.8796 0.0688 0.4707
vn 0.0354 0.1839 0.9823
vn -0.0097 -0.0894 -0.9960
vn 0.8568 -0.0554 -0.5127
vn 0.8511 0.0990 0.5156
vn -0.1347 0.1508 0.9794
vn -0.9034 -0.0118 -0.4287
vn -0.9091 0.0750 0.4097
vn 0.8507 -0.1864 0.4915
vn -0.8943 -0.0795 0.4404
vn -0.0291 -0.2788 0.9599
vn -0.8910 0.1153 -0.4391
vn 0.0507 0.2698 -0.9616
vn 0.8724 0.1494 -0.4654
vn -0.1078 -0.2316 0.9668
vn -0.8776 0.1491 -0.4557
vn -0.0329 0.3102 -0.9501
vn 0.8710 0.1379 -0.4716
vn 0.9083 -0.0980 0.4066
vn -0.8901 -0.1109 0.4421
vn -0.0604 -0.1248 0.9903
vn -0.8835 0.0889 -0.4598
vn 0.8984 -0.0531 0.4360
vn 0.8531 0.0846 -0.5149
vn -0.9220 -0.0152 0.3869
vn -0.0623 0.1585 -0.9854
vn -0.9430 0.0345 0.3310
vn -0.0532 0.1901 -0.9803
vn -0.0247 -0.0703 0.9972
vn -0.8804 0.1315 -0.4556
vn 0.9158 -0.0303 0.4006
vn 0.8612 0.0972 -0.4988
vn 0.9239 -0.0492 0.3794
vn 0.0238 -0.1839 0.9827
vn -0.9410 0.2565 -0.2207
vn 0.1001 0.4933 -0.8641
vn 0.8956 0.2056 -0.3945
vn -0.8692 -0.0039 0.4945
vn 0.7548 0.4640 -0.4637
vn -0.8673 -0.0008 0.4977
vn 0.8426 0.0555 0.5356
vn -0.0122 -0.1928 0.9812
vn 0.9881 -0.1535 0.0051
vn 0.6394 -0.5212 -0.5652
vn 0.8421 0.2969 0.4503
vn 0.9408 0.0583 0.3340
vn 0.2669 0.4678 0.8426
vn 0.7718 0.3205 0.5493
vn 0.9474 0.2959 0.1221
vn 0.5601 0.4434 0.6998
vn 0.8487 0.2869 -0.4443
vn 0.6876 -0.5438 -0.4811
vn -0.0915 0.5279 0.8444
vn 0.0743 0.1214 0.9898
vn -0.9128 0.0496 0.4054
vn -0.8012 0.4674 0.3736
vn -0.9114 0.0118 0.4114
vn -0.8182 -0.3072 0.4860
vn -0.0820 -0.2424 0.9667
vn 0.0905 0.1076 0.9901
vn 0.1908 -0.3928 -0.8996
vn -0.0687 -0.1889 -0.9796
vn 0.7897 -0.3675 -0.4912
vn 0.9212 -0.0925 -0.3779
vn -0.0679 -0.1138 -0.9912
vn 0.1769 0.1227 -0.9766
vn 0.7579 0.1547 -0.6338
vn 0.9099 -0.0646 -0.4098
vn 0.7738 -0.3127 0.5509
vn 0.9192 -0.0133 0.3935
vn 0.0598 -0.2590 0.9640
vn -0.0933 0.0411 0.9948
vn 0.9231 0.0334 0.3832
vn 0.7436 0.3588 0.5643
vn -0.0026 0.3945 0.9189
vn -0.0893 0.1174 0.9891
vn -0.8235 0.2401 -0.5140
vn -0.6190 0.0129 -0.7853
vn -0.4509 0.1936 -0.8713
vn -0.6208 -0.0047 -0.7840
vn -0.9550 -0.0045 0.2966
vn -0.2157 -0.2535 -0.9430
vn -0.6849 -0.2098 -0.6978
vn 0.1882 0.0056 -0.9821
vn -0.8613 0.4423 0.2500
vn -0.8270 0.1502 0.5418
vn -0.7890 0.2885 -0.5424
vn -0.8524 -0.0137 -0.5226
vn -0.8647 -0.1380 -0.4829
vn -0.8613 -0.4221 -0.2827
vn -0.8004 -0.3140 0.5107
vn -0.8168 0.0291 0.5763
vn -0.8355 0.0956 -0.5410
vn -0.9368 0.2394 -0.2552
vn -0.1712 0.2079 -0.9631
vn 0.1616 0.4040 -0.9004
vn -0.9501 0.2643 -0.1658
vn -0.9088 0.4168 -0.0177
vn -0.3907 0.6355 -0.6659
vn 0.0398 0.4964 -0.8672
vn -0.7157 0.6113 -0.3379
vn 0.5806 0.7817 0.2277
vn -0.7789 -0.6195 -0.0978
vn 0.4401 -0.6762 0.5909
vn -0.6538 0.5316 -0.5385
vn 0.8696 0.4590 -0.1817
vn -0.7265 -0.6419 0.2453
vn 0.4765 -0.5245 0.7056
vn -0.5659 0.6908 -0.4500
vn 0.3670 0.9279 0.0662
vn -0.8806 -0.0244 0.4732
vn 0.1865 0.2839 0.9406
vn -0.9054 0.4083 0.1162
vn -0.6624 -0.7255 -0.1870
vn 0.2379 0.9659 -0.1023
vn 0.6724 -0.6387 -0.3740
vn -0.9216 0.3662 -0.1290
vn -0.2951 -0.8308 -0.4720
vn 0.3051 0.8581 0.4130
vn 0.9248 -0.3756 0.0611
vn -0.8776 0.3964 -0.2695
vn -0.1564 -0.4936 -0.8555
vn 0.2825 0.9565 -0.0729
vn 0.5342 0.2523 -0.8068
vn 0.6681 0.6221 -0.4082
vn 0.6953 -0.7158 0.0647
vn -0.3994 -0.6566 0.6398
vn -0.7771 0.5939 0.2085
vn -0.4531 -0.5559 0.6969
vn -0.8800 0.3651 -0.3037
vn 0.3848 0.9211 -0.0591
vn 0.7730 -0.1459 0.6174
vn -0.4150 -0.1813 0.8916
vn -0.4957 0.7291 0.4719
vn -0.1599 0.8469 0.5071
vn -0.3585 -0.5780 0.7331
vn -0.0604 0.3957 -0.9164
vn -0.3439 -0.7963 -0.4976
vn 0.4449 0.6701 0.5941
vn -0.5169 -0.4833 0.7065
vn 0.2701 0.2516 -0.9294
vn -0.5448 -0.6493 -0.5307
vn 0.6012 0.6616 0.4481
vn -0.4131 -0.3676 0.8332
vn -0.2038 0.8724 0.4443
vn -0.7225 -0.2334 0.6508
vn -0.4261 0.6140 -0.6644
vn -0.8197 -0.3394 -0.4613
vn -0.4663 0.4813 -0.7422
vn -0.1992 -0.7643 -0.6133
vn 0.7771 -0.6287 0.0303
vn 0.7218 0.6921 -0.0044
vn -0.8283 0.5156 -0.2194
vn -0.3452 -0.6738 -0.6533
vn 0.8328 -0.5496 0.0661
vn 0.3319 0.7511 0.5707
vn -0.7739 0.5743 -0.2671
vn -0.3134 -0.4175 -0.8529
vn 0.7914 -0.6022 -0.1051
vn 0.1197 0.4678 0.8757
vn -0.2845 0.8861 -0.3658
vn 0.0661 -0.0165 -0.9977
vn 0.9622 -0.2299 -0.1461
vn 0.5938 0.7623 0.2576
vn -0.7336 -0.6758 0.0714
vn -0.6469 0.6666 -0.3704
vn 0.6465 -0.6428 0.4110
vn 0.7232 0.6898 -0.0340
vn 0.8526 0.3906 -0.3472
vn 0.4849 -0.3276 0.8109
vn -0.4324 0.3753 -0.8199
vn -0.8841 -0.3502 0.3094
vn 0.4674 -0.3350 0.8181
vn -0.8928 -0.3428 0.2922
vn 0.8622 0.3835 -0.3309
vn -0.4141 0.3828 -0.8258
vn 0.8407 0.3988 -0.3663
vn -0.4536 0.3663 -0.8125
vn 0.5053 -0.3186 0.8019
vn -0.8734 -0.3587 0.3294
vn 0.8824 -0.4704 0.0114
vn 0.3883 0.8438 0.3705
vn -0.2518 -0.8389 -0.4826
vn 0.2508 0.8501 0.4630
vn 0.9339 -0.3460 0.0898
vn -0.9355 0.3353 -0.1115
vn 0.3452 0.8669 0.3597
vn 0.9024 -0.4278 0.0514
vn 0.8663 -0.4995 0.0032
vn -0.8598 0.5005 -0.1009
vn -0.4432 -0.7403 -0.5055
vn 0.4301 0.8224 0.3725
vn -0.3795 -0.6832 -0.6238
vn -0.7832 0.5682 -0.2523
vn 0.8371 -0.5426 0.0698
vn 0.3017 0.6825 0.6657
vn -0.3779 -0.6843 -0.6236
vn -0.7864 0.5658 -0.2481
vn 0.2842 0.6925 0.6631
vn 0.8444 -0.5290 0.0846
vn -0.3536 -0.6154 -0.7044
vn -0.8420 0.5192 -0.1469
vn 0.8290 -0.5565 0.0555
vn 0.3197 0.6716 0.6684
vn 0.8382 -0.5386 0.0857
vn -0.3812 -0.6825 -0.6236
vn -0.7849 0.5650 -0.2545
vn 0.3918 0.7987 0.4566
vn -0.7402 0.6560 -0.1476
vn 0.0330 0.2704 0.9622
vn -0.7418 0.6520 -0.1569
vn 0.0283 0.2791 0.9598
vn -0.0881 -0.1806 -0.9796
vn -0.7401 0.6580 -0.1390
vn 0.0373 0.2677 0.9628
vn 0.7642 -0.6416 0.0665
vn -0.3376 -0.5036 0.7952
vn -0.3006 -0.7728 -0.5590
vn -0.2982 -0.7681 -0.5666
vn 0.1943 0.8541 0.4825
vn -0.3414 -0.5194 0.7834
vn 0.1931 0.4091 -0.8918
vn -0.3229 -0.5078 0.7987
vn -0.3052 -0.7694 -0.5611
vn -0.6767 -0.4133 -0.6093
vn 0.4576 0.2441 -0.8550
vn -0.6787 -0.4195 -0.6028
vn 0.4451 0.2421 -0.8621
vn -0.5768 -0.2928 0.7626
vn 0.6974 0.4683 0.5425
vn -0.3972 -0.6978 -0.5961
vn 0.1829 0.4485 -0.8749
vn 0.3671 0.7667 0.5268
vn -0.2956 -0.5640 0.7711
vn 0.1964 0.4398 -0.8763
vn -0.2959 -0.5645 0.7706
vn -0.3815 -0.6989 -0.6050
vn 0.3667 0.7655 0.5287
vn -0.3978 -0.6991 -0.5942
vn 0.3676 0.7680 0.5244
vn 0.1813 0.4452 -0.8769
vn -0.2951 -0.5633 0.7718
vn -0.5282 -0.6166 0.5838
vn -0.5406 0.6869 0.4857
vn 0.6410 0.7363 -0.2169
vn 0.6487 -0.7463 -0.1494
vn -0.4979 -0.5283 0.6877
vn 0.8299 -0.5106 0.2250
vn -0.8724 0.4747 -0.1167
vn -0.5061 -0.5211 0.6872
vn -0.5047 -0.5255 0.6849
vn 0.8274 -0.5117 0.2313
vn 0.8137 -0.3084 0.4928
vn -0.5588 -0.5985 0.5740
vn 0.4609 0.6909 -0.5571
vn -0.8838 0.2670 -0.3842
vn -0.5622 -0.5973 0.5719
vn 0.8168 -0.3110 0.4859
vn 0.4643 0.6853 -0.5611
vn -0.8826 0.2688 -0.3857
vn 0.8163 -0.3056 0.4901
vn 0.4584 0.6917 -0.5580
vn -0.8855 0.2644 -0.3820
vn -0.5539 -0.6002 0.5770
vn 0.9409 0.3116 -0.1326
vn 0.6916 0.7136 -0.1114
vn 0.9766 -0.2077 0.0552
vn 0.6505 -0.6712 0.3555
vn 0.8511 0.4562 0.2599
vn 0.6345 0.7699 -0.0683
vn 0.9011 -0.0376 0.4320
vn 0.6852 -0.5984 0.4152
vn -0.7236 -0.6809 0.1134
vn -0.9821 -0.1698 0.0815
vn -0.9541 0.2838 -0.0961
vn -0.6370 0.6886 -0.3465
vn -0.5613 0.7267 -0.3961
vn -0.8624 0.2056 -0.4626
vn -0.9362 -0.1717 -0.3067
vn -0.7698 -0.6372 0.0380
vn -0.5972 0.7543 -0.2727
vn -0.8869 0.4574 -0.0643
vn -0.3233 0.8411 -0.4337
vn 0.4305 0.6440 -0.6324
vn 0.4047 0.6069 -0.6841
vn -0.4349 0.6398 -0.6337
vn -0.7155 0.5245 -0.4615
vn -0.8998 0.4272 -0.0883
vn 0.9370 0.2648 -0.2278
vn 0.5343 0.6990 -0.4753
vn 0.8032 -0.4051 0.4368
vn 0.9845 -0.1308 0.1171
vn 0.7968 -0.5510 0.2482
vn 0.9374 -0.2999 -0.1772
vn 0.7938 0.1562 -0.5878
vn 0.3930 0.5921 -0.7035
vn -0.8717 -0.4697 -0.1394
vn -0.3837 -0.8238 -0.4173
vn -0.9706 0.2202 0.0972
vn -0.8717 0.4865 -0.0582
vn -0.7684 -0.2357 -0.5949
vn -0.3699 -0.7636 -0.5292
vn -0.8669 0.4870 -0.1068
vn -0.7930 0.4899 -0.3622
vn -0.6854 0.7271 -0.0398
vn 0.2371 0.8661 0.4400
vn -0.8626 0.3645 -0.3509
vn -0.9466 0.2840 -0.1524
vn -0.9399 0.3197 -0.1197
vn -0.8545 0.4935 0.1621
vn -0.4984 0.7328 0.4633
vn 0.2666 0.8276 0.4940
vn -0.2911 -0.7380 -0.6088
vn 0.4552 -0.7705 -0.4463
vn 0.8387 -0.5137 -0.1809
vn 0.9422 -0.3231 0.0884
vn 0.9479 -0.2899 0.1321
vn 0.8735 -0.4074 0.2666
vn 0.5280 -0.8376 -0.1402
vn -0.2382 -0.8424 -0.4834
vn 0.2572 -0.2226 -0.9404
vn -0.1141 -0.1207 -0.9861
vn 0.4742 -0.4695 -0.7448
vn 0.7765 -0.6285 0.0458
vn 0.7431 -0.6622 0.0966
vn 0.4138 -0.7791 -0.4710
vn 0.1697 -0.5505 -0.8174
vn -0.0995 -0.1798 -0.9787
vn 0.8268 -0.0797 0.5568
vn 0.8406 -0.5344 0.0887
vn 0.6782 0.2890 0.6757
vn 0.3971 0.7954 0.4580
vn 0.8759 0.3940 0.2785
vn 0.3855 0.7978 0.4635
vn 0.8449 -0.5264 0.0949
vn 0.9877 0.0328 0.1530
vn -0.8617 -0.2577 -0.4371
vn -0.3696 -0.6493 -0.6646
vn -0.9705 0.1333 -0.2010
vn -0.8424 0.5364 -0.0516
vn -0.7512 -0.0562 -0.6576
vn -0.3928 -0.5728 -0.7195
vn -0.8428 0.2777 -0.4611
vn -0.7965 0.6012 -0.0650
vn 0.4918 0.4982 -0.7141
vn 0.1922 0.3332 -0.9231
vn 0.5519 0.7948 -0.2525
vn 0.2364 0.8622 0.4480
vn 0.0700 0.7160 -0.6946
vn 0.1684 0.3474 -0.9225
vn 0.1138 0.9629 -0.2447
vn 0.2164 0.8684 0.4461
vn 0.3437 0.4631 -0.8169
vn 0.0166 0.3406 -0.9401
vn -0.5955 0.0140 -0.8033
vn -0.5668 -0.5217 -0.6376
vn 0.5143 0.2502 -0.8203
vn 0.4835 -0.0532 -0.8737
vn -0.1252 -0.3721 -0.9197
vn -0.6680 -0.4318 -0.6060
vn -0.2016 -0.0073 0.9794
vn -0.6491 -0.2988 0.6996
vn -0.0645 0.0798 0.9947
vn 0.6583 0.4687 0.5890
vn -0.0051 0.0414 0.9991
vn 0.6912 0.4363 0.5761
vn -0.1559 -0.0640 0.9857
vn -0.6173 -0.3195 0.7189
vn 0.7385 0.4401 0.5109
vn 0.9429 0.0512 0.3291
vn 0.1133 0.7258 0.6785
vn 0.0738 0.5491 0.8325
vn 0.8269 -0.1067 0.5522
vn 0.9346 -0.1283 0.3319
vn 0.3597 0.2501 0.8989
vn 0.0396 0.3729 0.9270
vn 0.7657 -0.3646 -0.5299
vn 0.3519 -0.7318 0.5836
vn -0.2180 0.5187 0.8267
vn 0.3259 0.8871 -0.3270
vn 0.7395 -0.3477 -0.5765
vn 0.3810 -0.6643 0.6431
vn -0.5180 0.4716 0.7136
vn -0.0949 0.8239 -0.5587
vn 0.5914 -0.2599 -0.7634
vn 0.0869 -0.7985 0.5956
vn -0.5984 0.5368 0.5947
vn -0.0989 0.8249 -0.5566
vn 0.9177 -0.2446 -0.3130
vn 0.3762 -0.6538 0.6565
vn 0.1116 0.4671 0.8771
vn 0.5921 0.8035 -0.0621
vn -0.8230 0.3848 0.4179
vn -0.4626 -0.8367 -0.2932
vn 0.1185 -0.4668 -0.8764
vn -0.4032 0.9133 -0.0580
vn -0.7142 0.1311 0.6876
vn -0.6165 -0.7324 -0.2890
vn 0.5999 -0.3367 -0.7258
vn 0.4358 0.8791 0.1930
vn -0.6800 0.5517 0.4829
vn -0.7061 0.3000 -0.6414
vn 0.3294 0.5031 -0.7990
vn 0.4863 0.8290 0.2762
vn -0.1011 0.0404 -0.9940
vn -0.1915 -0.7103 -0.6773
vn 0.8437 0.0317 -0.5359
vn 0.2844 -0.6064 0.7426
vn 0.0387 0.1135 -0.9928
vn -0.3773 -0.9259 0.0179
vn 0.4332 0.8716 0.2293
vn 0.1341 -0.1378 0.9813
vn 0.1201 -0.0606 -0.9909
vn -0.0955 -0.9606 -0.2610
vn 0.9180 0.3320 -0.2168
vn 0.7364 -0.5722 0.3609
vn -0.1510 -0.6507 -0.7442
vn 0.1227 -0.9790 0.1626
vn 0.9791 0.1155 -0.1674
vn 0.7072 0.1420 0.6926
vn -0.0573 -0.4349 -0.8987
vn -0.2308 -0.9387 0.2560
vn 0.6543 0.5886 -0.4748
vn 0.2836 0.4288 0.8577
vn 0.2854 -0.6820 -0.6734
vn -0.1498 -0.8969 0.4162
vn 0.9826 0.1526 -0.1056
vn 0.6301 -0.2722 0.7273
vn -0.5615 -0.4945 0.6635
vn -0.3674 -0.8079 -0.4607
vn -0.6584 0.7353 0.1608
vn -0.3790 0.6109 -0.6951
vn -0.2853 -0.6947 0.6604
vn 0.1648 -0.8843 -0.4368
vn -0.5179 0.6297 0.5790
vn 0.1573 0.5074 -0.8472
vn -0.8123 -0.4594 0.3592
vn -0.3511 -0.5437 -0.7623
vn -0.6648 0.7018 0.2560
vn -0.3508 0.5695 -0.7434
vn 0.7975 0.3286 0.5059
vn -0.5419 0.6583 0.5225
vn 0.6708 -0.0901 -0.7361
vn -0.5014 0.2107 -0.8391
vn 0.6153 0.3778 0.6919
vn -0.6538 0.3801 0.6543
vn 0.7644 -0.2389 -0.5988
vn -0.8034 -0.1326 -0.5804
vn 0.5702 0.8206 0.0391
vn -0.5376 0.8423 -0.0373
vn 0.6053 -0.0013 -0.7960
vn -0.5618 0.0578 -0.8252
vn 0.1149 0.8284 -0.5483
vn -0.9971 0.0756 0.0129
vn 0.9126 0.0369 -0.4071
vn -0.0695 -0.9976 0.0028
vn -0.3182 0.8785 -0.3563
vn -0.9843 -0.1410 -0.1065
vn 0.9864 -0.0906 0.1369
vn -0.1846 -0.9753 0.1210
vn 0.1886 0.7851 -0.5900
vn -0.6035 -0.1263 -0.7873
vn 0.9167 0.0186 -0.3993
vn 0.3211 -0.8642 -0.3874
vn -0.2712 0.8760 -0.3988
vn -0.6052 0.4362 0.6659
vn -0.3677 -0.8958 0.2498
vn -0.0989 -0.2796 -0.9550
vn 0.0249 0.9190 -0.3934
vn -0.3897 0.3063 0.8685
vn -0.2686 -0.9245 0.2706
vn 0.0935 -0.4217 -0.9019
vn 0.5596 0.7922 -0.2434
vn -0.1645 0.2802 0.9457
vn -0.6469 -0.7458 0.1591
vn 0.0002 -0.3376 -0.9413
vn 0.3118 0.9245 -0.2194
vn -0.3181 0.6772 0.6635
vn -0.9998 0.0154 -0.0116
vn -0.3023 0.2756 -0.9125
vn 0.0369 0.8697 -0.4922
vn 0.5723 0.2360 0.7854
vn -0.7969 -0.0174 -0.6038
vn -0.9115 -0.1716 0.3738
vn 0.7404 0.3886 -0.5484
vn 0.6921 0.1092 0.7135
vn -0.8029 0.0707 -0.5919
vn -0.5012 -0.2875 0.8162
vn 0.4044 0.5155 -0.7554
vn 0.7624 0.0226 0.6468
vn -0.7341 -0.0119 -0.6790
vn -0.7869 -0.2190 0.5769
vn 0.3884 0.8874 -0.2482
vn 0.5015 0.5249 0.6877
vn -0.7651 0.6054 -0.2195
vn -0.4911 0.2113 0.8451
vn 0.7082 -0.6973 -0.1106
vn 0.4396 -0.4094 0.7995
vn 0.5548 0.5522 -0.6223
vn 0.2736 0.9081 0.3171
vn 0.5220 -0.7736 -0.3593
vn 0.1203 -0.2505 0.9606
vn 0.1764 0.5976 -0.7822
vn -0.1637 0.9415 0.2945
vn 0.4895 -0.8186 -0.3004
vn -0.0127 -0.4598 0.8879
vn 0.1437 0.3492 -0.9260
vn -0.3351 0.8657 0.3719
vn 0.9937 0.0395 -0.1047
vn 0.4683 0.2685 0.8418
vn 0.2333 0.6510 -0.7223
vn -0.2896 0.9204 0.2628
vn -0.7028 0.6279 0.3345
vn -0.9482 0.0513 -0.3135
vn 0.5288 0.8191 -0.2223
vn 0.0791 0.2631 -0.9615
vn -0.3151 0.4430 0.8393
vn -0.8669 -0.4406 -0.2333
vn 0.7857 0.6114 0.0944
vn 0.4086 -0.0784 -0.9093
vn -0.4397 0.1729 0.8813
vn -0.8687 -0.4566 -0.1920
vn 0.8159 0.5483 0.1834
vn 0.2127 -0.2251 -0.9508
vn -0.3518 0.7643 0.5404
vn -0.8228 0.3898 -0.4136
vn 0.6766 0.7338 0.0611
vn 0.2246 0.3327 -0.9159
vn 0.7033 -0.3549 0.6160
vn 0.5521 0.7902 -0.2661
vn 0.6605 -0.7267 -0.1890
vn 0.1282 0.3994 -0.9078
vn 0.4949 -0.1641 0.8534
vn 0.0156 0.9858 0.1673
vn 0.1857 -0.8562 -0.4820
vn -0.2921 0.4091 -0.8645
vn 0.4127 -0.3280 0.8498
vn 0.0380 0.9365 0.3487
vn 0.1329 -0.9335 -0.3331
vn -0.3449 0.3284 -0.8793
vn 0.8687 0.3880 0.3080
vn -0.0149 0.9643 0.2643
vn 0.7566 -0.1391 -0.6389
vn -0.2790 0.4859 -0.8283
vn -0.4958 0.7784 0.3851
vn 0.8010 0.5800 -0.1487
vn 0.7906 -0.5890 0.1672
vn -0.2067 -0.1507 0.9667
vn -0.7603 0.6494 -0.0186
vn 0.6747 0.6327 -0.3801
vn 0.8199 -0.5649 0.0926
vn -0.3806 -0.6556 0.6523
vn -0.8873 0.4521 0.0916
vn 0.2991 0.8302 -0.4704
vn 0.7736 -0.6258 0.0997
vn -0.5653 -0.6656 0.4874
vn -0.3268 0.7112 0.6224
vn 0.5552 0.8141 -0.1702
vn 0.9280 -0.1997 0.3144
vn 0.0262 -0.2641 0.9641
vn -0.5366 0.2245 0.8135
vn -0.6023 -0.7410 -0.2970
vn 0.2032 0.0654 -0.9769
vn -0.0488 0.9764 -0.2104
vn -0.5304 -0.0176 0.8476
vn -0.4166 -0.9063 0.0713
vn 0.3195 -0.1407 -0.9371
vn 0.0494 0.9334 0.3555
vn -0.2311 -0.2597 0.9376
vn -0.5459 -0.6157 -0.5682
vn 0.3398 0.1831 -0.9225
vn 0.2665 0.9622 0.0558
vn -0.7747 0.2321 0.5882
vn -0.8708 -0.4859 -0.0747
vn -0.3204 0.4928 -0.8090
vn -0.0859 0.8705 0.4846
vn -0.4686 0.8611 0.1974
vn -0.0022 -0.2157 0.9765
vn 0.8567 -0.5153 0.0232
vn 0.8256 0.3065 -0.4737
vn -0.4699 0.8826 -0.0157
vn -0.1253 -0.0914 0.9879
vn 0.5862 -0.7885 -0.1861
vn 0.3487 0.2807 -0.8942
vn 0.1859 0.9773 0.1014
vn 0.4689 -0.1503 0.8704
vn 0.9368 -0.3489 -0.0276
vn 0.7339 0.2284 -0.6397
vn 0.2756 0.5789 0.7674
vn 0.2815 -0.7170 0.6377
vn 0.4744 -0.4353 -0.7652
vn 0.2007 0.7353 -0.6473
vn -0.4880 0.6807 0.5463
vn -0.1027 -0.8185 0.5653
vn 0.5439 -0.4723 -0.6937
vn 0.2476 0.7747 -0.5819
vn 0.1616 0.5884 0.7923
vn 0.5248 -0.4081 0.7470
vn 0.8296 -0.4923 -0.2635
vn 0.5066 0.7987 -0.3246
vn 0.2414 0.1338 0.9612
vn -0.4925 -0.8557 0.1586
vn -0.5725 -0.2260 -0.7881
vn 0.0102 0.9255 -0.3786
vn 0.3333 -0.1593 0.9293
vn -0.4697 -0.8693 0.1540
vn -0.6044 -0.3319 -0.7243
vn 0.1010 0.8414 -0.5309
vn -0.0423 0.3540 0.9343
vn -0.8944 -0.1839 0.4078
vn -0.9045 0.2279 -0.3606
vn -0.0187 0.9600 -0.2795
vn 0.8267 -0.1320 -0.5469
vn 0.7699 -0.6109 0.1844
vn -0.3324 0.8636 -0.3791
vn -0.5244 0.1159 0.8435
vn 0.5644 -0.5346 -0.6290
vn 0.5312 -0.8440 -0.0745
vn -0.0526 0.7425 -0.6678
vn -0.2219 -0.3531 0.9089
vn 0.9226 0.3728 -0.0992
vn 0.8681 0.0211 0.4959
vn 0.1452 0.8500 -0.5064
vn 0.0358 -0.0051 0.9993
vn 0.9120 0.2931 0.2871
vn 0.4775 0.4290 0.7668
vn 0.7131 -0.6052 0.3539
vn 0.7592 -0.6322 -0.1549
vn 0.9100 -0.0984 0.4027
vn 0.0531 0.3443 0.9374
vn 0.9673 0.0791 0.2412
vn 0.4680 0.4279 0.7732
vn 0.0568 0.3359 0.9402
vn 0.9235 -0.3328 0.1905
vn 0.7621 -0.5512 -0.3396
vn 0.8986 -0.0746 0.4323
vn 0.9396 0.0980 -0.3279
vn 0.8808 -0.3279 -0.3416
vn 0.9133 -0.1099 0.3921
vn 0.9028 0.3047 0.3035
vn 0.4655 0.4333 0.7717
vn 0.0455 0.3457 0.9372
vn 0.0304 -0.8114 -0.5837
vn 0.7797 0.0844 -0.6205
vn -0.7153 -0.1195 0.6885
vn -0.7022 -0.6720 0.2351
vn 0.7588 0.6483 -0.0625
vn 0.0081 0.6981 0.7160
vn -0.0530 -0.7124 -0.6998
vn 0.7480 0.1028 -0.6557
vn -0.6964 -0.1742 0.6961
vn -0.7455 -0.6469 0.1603
vn 0.7987 0.6010 -0.0286
vn 0.0710 0.5641 0.8227
vn 0.1201 -0.9320 -0.3421
vn 0.8099 -0.5746 -0.1179
vn -0.4316 -0.4871 0.7592
vn -0.4865 -0.8094 0.3288
vn 0.8833 -0.1791 0.4332
vn 0.2875 0.0158 0.9577
vn 0.7526 0.4208 -0.5064
vn -0.0732 0.9633 0.2582
vn 0.8102 -0.5824 0.0654
vn -0.1977 0.1399 0.9702
vn 0.3117 0.3886 -0.8671
vn 0.1394 0.9285 0.3443
vn -0.0730 -0.9902 -0.1194
vn -0.1419 -0.0767 0.9869
vn 0.7152 -0.0249 -0.6984
vn 0.7470 0.6506 0.1366
vn 0.3635 -0.9054 -0.2194
vn 0.4122 -0.3442 0.8436
vn 0.3403 -0.8228 0.4553
vn -0.5665 -0.7803 -0.2651
vn -0.1948 0.0385 -0.9801
vn 0.8564 0.5132 -0.0566
vn 0.3282 -0.4855 0.8103
vn -0.5029 -0.8478 -0.1681
vn -0.2419 0.4517 -0.8588
vn 0.6547 0.6885 0.3120
vn 0.6329 -0.7440 0.2143
vn -0.3018 -0.8501 -0.4317
vn -0.0193 0.2268 -0.9738
vn 0.9289 0.1138 -0.3523
vt 0.791041 0.479692
vt 0.765218 0.492500
vt 0.764753 0.474568
vt 0.788920 0.455958
vt 0.693204 0.804558
vt 0.698146 0.723283
vt 0.728268 0.709650
vt 0.748068 0.802043
vt 0.352928 0.782613
vt 0.394529 0.701456
vt 0.421581 0.708017
vt 0.413104 0.800911
vt 0.352928 0.910139
vt 0.352928 0.837459
vt 0.395450 0.800911
vt 0.467762 0.811439
vt 0.298720 0.813732
vt 0.287641 0.730062
vt 0.318838 0.725454
vt 0.352928 0.798912
vt 0.251246 0.824554
vt 0.264406 0.734014
vt 0.749623 0.672233
vt 0.766084 0.581461
vt 0.801678 0.585515
vt 0.811615 0.666808
vt 0.421447 0.923926
vt 0.469031 0.883028
vt 0.638026 0.794679
vt 0.668425 0.716489
vt 0.727513 0.636429
vt 0.704025 0.638342
vt 0.702619 0.612996
vt 0.731072 0.615216
vt 0.440989 0.509987
vt 0.413560 0.499456
vt 0.414563 0.466751
vt 0.442921 0.476370
vt 0.707357 0.509856
vt 0.685309 0.508897
vt 0.687643 0.483496
vt 0.707807 0.492982
vt 0.675727 0.634336
vt 0.676996 0.612127
vt 0.435522 0.618335
vt 0.406750 0.626751
vt 0.412809 0.606015
vt 0.438760 0.600403
vt 0.306258 0.641280
vt 0.275361 0.635612
vt 0.268840 0.607554
vt 0.305043 0.617685
vt 0.814543 0.494081
vt 0.812269 0.465483
vt 0.803363 0.279508
vt 0.775567 0.280694
vt 0.779190 0.242636
vt 0.802396 0.250408
vt 0.752166 0.283424
vt 0.749715 0.257421
vt 0.733150 0.517878
vt 0.734391 0.487717
vt 0.784732 0.395599
vt 0.754937 0.389364
vt 0.751937 0.357274
vt 0.780556 0.376374
vt 0.804357 0.393191
vt 0.804062 0.365106
vt 0.306710 0.504662
vt 0.275619 0.528748
vt 0.276963 0.498808
vt 0.310463 0.475412
vt 0.271484 0.408520
vt 0.246763 0.418904
vt 0.230288 0.393724
vt 0.266449 0.392867
vt 0.710904 0.411127
vt 0.689757 0.406524
vt 0.690902 0.390175
vt 0.714110 0.385571
vt 0.475261 0.409678
vt 0.449321 0.402678
vt 0.459444 0.376761
vt 0.486876 0.386171
vt 0.739584 0.415180
vt 0.739884 0.387369
vt 0.798803 0.057117
vt 0.778159 0.032877
vt 0.773286 -0.000000
vt 0.798020 0.034251
vt 0.576396 0.830972
vt 0.552917 0.842412
vt 0.551684 0.818811
vt 0.576413 0.806850
vt 0.727577 0.053230
vt 0.712010 0.045763
vt 0.717539 0.007892
vt 0.726757 0.013465
vt 0.175413 0.057166
vt 0.164015 0.060340
vt 0.169393 0.011749
vt 0.178449 0.014402
vt 0.567258 0.194259
vt 0.535595 0.183620
vt 0.545991 0.159462
vt 0.577880 0.157508
vt 0.562227 0.017747
vt 0.553832 0.019954
vt 0.553006 0.006541
vt 0.558188 0.004810
vt 0.719841 0.000000
vt 0.726799 0.003382
vt 0.740083 0.056810
vt 0.737546 0.022777
vt 0.014915 0.046336
vt 0.002283 0.035865
vt 0.006587 0.034683
vt 0.014273 0.042341
vt 0.335320 0.913207
vt 0.343564 0.911244
vt 0.347404 0.920172
vt 0.342278 0.921277
vt 0.009636 0.051027
vt -0.000000 0.039838
vt 0.749623 0.152593
vt 0.778293 0.138163
vt 0.777017 0.139793
vt 0.750786 0.152995
vt 0.748221 0.872017
vt 0.749275 0.906099
vt 0.748221 0.906541
vt 0.537930 0.951448
vt 0.541199 0.983243
vt 0.537930 0.984642
vt 0.506576 0.800911
vt 0.550790 0.813621
vt 0.577067 0.800911
vt 0.581874 0.833798
vt 0.548450 0.260628
vt 0.521869 0.223948
vt 0.528732 0.203784
vt 0.557854 0.227444
vt 0.800371 0.102849
vt 0.778248 0.103068
vt 0.778203 0.067972
vt 0.799587 0.079983
vt 0.721049 0.354033
vt 0.688916 0.355240
vt 0.691821 0.321936
vt 0.719669 0.316431
vt 0.736265 0.461801
vt 0.713398 0.459994
vt 0.715584 0.438320
vt 0.736007 0.437165
vt 0.454471 0.455261
vt 0.425542 0.443202
vt 0.435674 0.420808
vt 0.468479 0.431874
vt 0.684846 0.453822
vt 0.686176 0.429228
vt 0.297019 0.449366
vt 0.260149 0.470310
vt 0.253756 0.447668
vt 0.282505 0.428784
vt 0.780827 0.335311
vt 0.753398 0.333385
vt 0.755377 0.306481
vt 0.777538 0.312416
vt 0.800690 0.332943
vt 0.800556 0.309363
vt 0.301517 0.576997
vt 0.274126 0.576541
vt 0.276312 0.549361
vt 0.300887 0.543670
vt 0.811392 0.437666
vt 0.786245 0.429703
vt 0.786295 0.410244
vt 0.806422 0.412877
vt 0.760463 0.441372
vt 0.757214 0.412439
vt 0.728813 0.576944
vt 0.711410 0.574943
vt 0.711955 0.554475
vt 0.730272 0.551748
vt 0.676752 0.573017
vt 0.679231 0.542143
vt 0.442518 0.566231
vt 0.406967 0.561519
vt 0.410619 0.535451
vt 0.440500 0.534500
vt 0.821288 0.559187
vt 0.794963 0.550761
vt 0.790803 0.522441
vt 0.819304 0.525081
vt 0.314681 0.698111
vt 0.283412 0.701874
vt 0.281460 0.666554
vt 0.308136 0.668368
vt 0.428295 0.675331
vt 0.400629 0.675510
vt 0.401809 0.650674
vt 0.431565 0.657220
vt 0.700125 0.695039
vt 0.669792 0.689670
vt 0.671618 0.659743
vt 0.704872 0.663310
vt 0.371406 0.676686
vt 0.380112 0.645545
vt 0.768555 0.548355
vt 0.768086 0.530243
vt 0.127327 0.134936
vt 0.108240 0.156834
vt 0.068224 0.112713
vt 0.084222 0.100939
vt 0.967971 0.112102
vt 0.950458 0.109769
vt 0.950690 0.065228
vt 0.967721 0.060934
vt 0.723840 0.111943
vt 0.699887 0.097825
vt 0.703094 0.049848
vt 0.718837 0.060079
vt 0.746050 0.126900
vt 0.726808 0.127398
vt 0.726143 0.095152
vt 0.742620 0.090843
vt 0.174945 0.129480
vt 0.150208 0.142933
vt 0.156845 0.101938
vt 0.175272 0.094963
vt 0.704308 0.111796
vt 0.708961 0.080420
vt 0.580519 0.160061
vt 0.547715 0.850442
vt 0.801154 0.125715
vt 0.211905 0.279458
vt 0.176856 0.280423
vt 0.168999 0.258954
vt 0.200803 0.252572
vt 0.350985 0.859523
vt 0.352080 0.824554
vt 0.352080 0.861239
vt 0.779456 0.220259
vt 0.802198 0.221647
vt 0.215708 0.368344
vt 0.251157 0.361831
vt 0.726707 0.660242
vt 0.728810 0.683496
vt 0.823673 0.587177
vt 0.730036 0.172527
vt 0.696115 0.148731
vt 0.171068 0.171888
vt 0.145428 0.194549
vt 0.548240 0.131081
vt 0.570195 0.129232
vt 0.748057 0.153823
vt 0.602732 0.155847
vt 0.595138 0.114883
vt 0.123426 0.163652
vt 0.132545 0.123168
vt 0.944946 0.661336
vt 0.928521 0.672233
vt 0.927576 0.658295
vt 0.937813 0.651112
vt 0.749623 0.907998
vt 0.755000 0.876483
vt 0.787792 0.841723
vt 0.785894 0.866504
vt 0.967971 0.171950
vt 0.949215 0.157576
vt 0.926782 0.446168
vt 0.904286 0.433495
vt 0.897665 0.392417
vt 0.923722 0.403710
vt 0.877295 0.468347
vt 0.877411 0.418996
vt 0.040146 0.084237
vt 0.053158 0.076458
vt 0.951046 0.013001
vt 0.964568 0.013162
vt 0.744106 0.916176
vt 0.729057 0.920749
vt 0.723750 0.907393
vt 0.732755 0.904808
vt 0.724119 0.240970
vt 0.746116 0.238917
vt 0.741860 0.248337
vt 0.731078 0.247769
vt 0.500161 0.272326
vt 0.510411 0.247331
vt 0.519938 0.241065
vt 0.502295 0.284018
vt 0.728254 0.274426
vt 0.718241 0.285163
vt 0.741576 0.275361
vt 0.745107 0.285338
vt 0.728442 0.225216
vt 0.746112 0.222510
vt 0.693925 0.293272
vt 0.692806 0.264002
vt 0.749623 0.254735
vt 0.747946 0.269811
vt 0.692452 0.234718
vt 0.528200 0.315252
vt 0.539428 0.294433
vt 0.781117 0.168282
vt 0.780909 0.186310
vt 0.775480 0.195690
vt 0.774493 0.160046
vt 0.190790 0.303165
vt 0.207818 0.340322
vt 0.198851 0.334248
vt 0.189752 0.314587
vt 0.799918 0.184042
vt 0.802691 0.192415
vt 0.801778 0.151721
vt 0.799197 0.162502
vt 0.628849 0.804558
vt 0.655574 0.808504
vt 0.651489 0.814952
vt 0.630597 0.813528
vt 0.237657 0.331247
vt 0.225833 0.305055
vt 0.750884 0.176436
vt 0.183229 0.201167
vt 0.191170 0.222758
vt 0.190347 0.228548
vt 0.178608 0.196696
vt 0.730764 0.187777
vt 0.729973 0.210072
vt 0.726948 0.205097
vt 0.727364 0.191870
vt 0.695878 0.203689
vt 0.693238 0.208458
vt 0.694702 0.174515
vt 0.696848 0.180685
vt 0.161142 0.237486
vt 0.153285 0.216017
vt 0.984248 0.436163
vt 0.975364 0.441459
vt 0.967074 0.425700
vt 0.973859 0.422519
vt 0.746640 0.201310
vt 0.747167 0.180109
vt 0.551493 0.922295
vt 0.549345 0.881617
vt 0.552297 0.886655
vt 0.553801 0.914623
vt 0.581874 0.865624
vt 0.579146 0.873491
vt 0.581821 0.907274
vt 0.579083 0.902063
vt 0.602446 0.800911
vt 0.602495 0.841730
vt 0.602446 0.838543
vt 0.602446 0.804085
vt 0.549510 0.884780
vt 0.523339 0.800911
vt 0.547715 0.821426
vt 0.521563 0.837352
vt 0.506576 0.826653
vt 0.581849 0.868893
vt 0.602513 0.842530
vt 0.602495 0.800911
vt 0.602533 0.804178
vt 0.602514 0.839248
vt 0.602495 0.874317
vt 0.581798 0.939084
vt 0.553099 0.953457
vt 0.602446 0.873002
vt 0.465842 0.347911
vt 0.484922 0.309124
vt 0.488651 0.319767
vt 0.478666 0.344059
vt 0.517686 0.336767
vt 0.509095 0.340122
vt 0.502100 0.367072
vt 0.500476 0.356103
vt 0.302301 0.907761
vt 0.277663 0.906307
vt 0.284447 0.885997
vt 0.298357 0.886478
vt 0.737633 0.358283
vt 0.740440 0.315166
vt 0.752523 0.200220
vt 0.752616 0.234079
vt 0.568436 0.055343
vt 0.571336 0.084379
vt 0.567692 0.094277
vt 0.563215 0.051302
vt 0.901179 0.615132
vt 0.876631 0.652941
vt 0.878695 0.642204
vt 0.894080 0.620556
vt 0.856369 0.640487
vt 0.846769 0.646155
vt 0.578175 0.035300
vt 0.578141 0.044606
vt 0.548146 0.091705
vt 0.550989 0.055829
vt 0.876961 0.630009
vt 0.884289 0.613402
vt 0.862259 0.672233
vt 0.823673 0.668373
vt 0.141453 0.094896
vt 0.151861 0.044161
vt 0.569895 -0.000000
vt 0.161226 0.009169
vt 0.404701 0.186073
vt 0.398207 0.195410
vt 0.370154 0.174640
vt 0.376989 0.166946
vt 0.482364 0.257721
vt 0.487837 0.243454
vt 0.581874 0.806526
vt 0.594739 0.800911
vt 0.602446 0.826455
vt 0.595181 0.829627
vt 0.709278 0.968377
vt 0.692913 0.962469
vt 0.705499 0.940122
vt 0.714764 0.943452
vt 0.940942 0.690039
vt 0.933044 0.691452
vt 0.924288 0.674422
vt 0.931417 0.672233
vt 0.875892 0.476891
vt 0.871109 0.477292
vt 0.872015 0.471404
vt 0.875892 0.471030
vt 0.350985 0.841624
vt 0.347909 0.841968
vt 0.348077 0.825054
vt 0.350985 0.824554
vt 0.748400 0.821875
vt 0.744106 0.821423
vt 0.744106 0.804558
vt 0.748111 0.805217
vt 0.363961 0.110948
vt 0.357234 0.115347
vt 0.352928 0.095583
vt 0.359618 0.092282
vt 0.998739 0.870668
vt 0.972317 0.881265
vt 0.970370 0.857633
vt 0.987332 0.854548
vt 0.891925 0.230671
vt 0.866704 0.218306
vt 0.883507 0.196507
vt 0.899898 0.200726
vt 0.056392 0.837924
vt 0.080766 0.824554
vt 0.090443 0.855503
vt 0.076439 0.861941
vt 0.988150 0.701974
vt 0.981626 0.704730
vt 0.985662 0.674307
vt 0.991880 0.672233
vt 0.987842 0.808894
vt 0.975354 0.807385
vt 0.976960 0.791197
vt 0.988006 0.794185
vt 0.898860 -0.000000
vt 0.904846 0.003175
vt 0.897948 0.006543
vt 0.891566 0.002936
vt 0.896938 0.037380
vt 0.890334 0.032943
vt 0.996056 0.705605
vt 0.998739 0.676079
vt 0.904846 0.034295
vt 0.211754 0.213926
vt 0.204609 0.197441
vt 0.225990 0.193714
vt 0.232339 0.205095
vt 0.956851 0.425650
vt 0.929363 0.433351
vt 0.926782 0.409484
vt 0.946628 0.403989
vt 0.502397 0.949346
vt 0.473023 0.948581
vt 0.477014 0.925814
vt 0.498219 0.926914
vt 0.960931 0.244157
vt 0.953483 0.246334
vt 0.961150 0.232441
vt 0.967073 0.230671
vt 0.982096 0.314280
vt 0.977199 0.316238
vt 0.980574 0.279751
vt 0.984842 0.278200
vt 0.885963 0.473532
vt 0.885376 0.468347
vt 0.889247 0.468347
vt 0.888192 0.473507
vt 0.343009 0.023464
vt 0.340401 0.019311
vt 0.350938 0.001749
vt 0.352928 0.005109
vt 0.920134 0.923019
vt 0.912979 0.922036
vt 0.912979 0.907998
vt 0.918689 0.908680
vt 0.992189 0.219112
vt 0.989583 0.220176
vt 0.992585 0.200318
vt 0.994637 0.199416
vt 0.301329 0.839810
vt 0.290835 0.839973
vt 0.292923 0.824927
vt 0.302301 0.824554
vt 0.302301 0.824554
vt 0.328434 0.826064
vt 0.323644 0.845882
vt 0.308796 0.844094
vt 0.874518 0.444960
vt 0.861862 0.457762
vt 0.850199 0.438559
vt 0.858318 0.432412
vt 0.926703 0.228510
vt 0.904846 0.213937
vt 0.921189 0.202755
vt 0.934572 0.209046
vt 0.831888 0.244073
vt 0.828587 0.245353
vt 0.823673 0.232133
vt 0.826497 0.230671
vt 0.921058 0.078808
vt 0.913413 0.079365
vt 0.904846 0.057658
vt 0.911746 0.057105
vt 0.881122 0.472971
vt 0.881122 0.468645
vt 0.885376 0.468347
vt 0.884110 0.473083
vt 0.918404 0.015110
vt 0.913342 0.014415
vt 0.916174 0.000000
vt 0.920624 0.001111
vt 0.089087 0.931809
vt 0.084190 0.932201
vt 0.084190 0.919482
vt 0.088535 0.919127
vt 0.306308 0.933566
vt 0.311583 0.935208
vt 0.310989 0.946579
vt 0.306308 0.945215
vt 0.628850 0.972697
vt 0.602733 0.971875
vt 0.606196 0.968291
vt 0.626423 0.969873
vt 0.189923 0.335308
vt 0.186012 0.319062
vt 0.785559 0.170582
vt 0.788000 0.184335
vt 0.060660 0.293492
vt 0.060214 0.299586
vt 0.040942 0.292192
vt 0.041396 0.286505
vt 0.981966 0.105415
vt 0.974405 0.103069
vt 0.976391 0.087869
vt 0.982459 0.088967
vt 0.125902 0.836936
vt 0.125302 0.841044
vt 0.113557 0.828109
vt 0.114242 0.824554
vt 0.110727 0.828227
vt 0.110810 0.824876
vt 0.122070 0.841347
vt 0.349830 0.941021
vt 0.346684 0.938041
vt 0.346209 0.921277
vt 0.349058 0.923771
vt 0.343763 0.940441
vt 0.343763 0.923510
vt 0.937946 0.877066
vt 0.924288 0.870462
vt 0.933044 0.838482
vt 0.945840 0.843664
vt 0.372646 0.148280
vt 0.365847 0.154876
vt 0.361541 0.135111
vt 0.368303 0.129614
vt 0.748977 0.855191
vt 0.744106 0.855152
vt 0.744106 0.838287
vt 0.748689 0.838533
vt 0.350985 0.875765
vt 0.347572 0.875795
vt 0.347740 0.858881
vt 0.350985 0.858695
vt 0.959994 0.725652
vt 0.950556 0.725511
vt 0.941800 0.708481
vt 0.950468 0.707846
vt 0.969520 0.743459
vt 0.959312 0.742540
vt 0.350985 0.892835
vt 0.347404 0.892709
vt 0.749266 0.871848
vt 0.744106 0.872017
vt 0.987503 0.839256
vt 0.972039 0.840802
vt 0.973709 0.823972
vt 0.987674 0.823964
vt 0.083830 0.871389
vt 0.071360 0.876428
vt 0.524718 0.852027
vt 0.511001 0.843161
vt 0.886142 0.179632
vt 0.901152 0.182214
vt 0.980923 0.140276
vt 0.970195 0.135285
vt 0.972418 0.118269
vt 0.981474 0.121863
vt 0.099187 0.307465
vt 0.098759 0.314375
vt 0.079487 0.306981
vt 0.079924 0.300478
vt 0.118451 0.314451
vt 0.118032 0.321769
vt 0.634180 0.882952
vt 0.643685 0.883123
vt 0.641800 0.901505
vt 0.632848 0.901344
vt 0.974286 0.066935
vt 0.980018 0.067947
vt 0.624292 0.897948
vt 0.615079 0.897132
vt 0.614275 0.876581
vt 0.622942 0.877330
vt 0.649428 0.832955
vt 0.631544 0.831862
vt 0.980372 0.158688
vt 0.967971 0.152301
vt 0.608542 0.949498
vt 0.625860 0.950878
vt 0.170937 0.331732
vt 0.168170 0.317844
vt 0.351374 0.975521
vt 0.347633 0.971569
vt 0.347158 0.954805
vt 0.350602 0.958271
vt 0.618893 0.815476
vt 0.611863 0.814930
vt 0.602733 0.804558
vt 0.609091 0.805061
vt 0.299357 0.870772
vt 0.286597 0.870508
vt 0.288746 0.855019
vt 0.300357 0.855066
vt 0.324859 0.859258
vt 0.311199 0.857180
vt 0.843471 0.423275
vt 0.851247 0.418395
vt 0.925787 0.188108
vt 0.938286 0.192659
vt 0.834870 0.353793
vt 0.828616 0.354840
vt 0.833559 0.331380
vt 0.839302 0.330438
vt 0.830437 0.377147
vt 0.823673 0.378300
vt 0.306308 0.910269
vt 0.312771 0.912465
vt 0.312177 0.923836
vt 0.306308 0.921917
vt 0.090190 0.957173
vt 0.084190 0.957640
vt 0.084190 0.944921
vt 0.089639 0.944491
vt 0.913966 0.043106
vt 0.907678 0.043244
vt 0.910510 0.028829
vt 0.916185 0.029108
vt 0.842671 0.270879
vt 0.838414 0.271794
vt 0.833500 0.258574
vt 0.837280 0.257476
vt 0.506576 0.971777
vt 0.469031 0.971348
vt 0.967073 0.447310
vt 0.931944 0.457217
vt 0.994637 0.449808
vt 0.983654 0.457217
vt 0.945597 0.374146
vt 0.927707 0.379117
vt 0.928632 0.348750
vt 0.944567 0.344304
vt 0.987291 0.258504
vt 0.983577 0.259893
vt 0.986580 0.240034
vt 0.989740 0.238808
vt 0.923023 0.951698
vt 0.912979 0.950113
vt 0.912979 0.936075
vt 0.921578 0.937359
vt 0.323172 0.060173
vt 0.319326 0.054434
vt 0.329864 0.036873
vt 0.333091 0.041819
vt 0.948647 0.271131
vt 0.938149 0.274121
vt 0.945816 0.260228
vt 0.954790 0.257644
vt 0.962040 0.774729
vt 0.953000 0.812583
vt 0.952099 0.807473
vt 0.958943 0.778513
vt 0.944504 0.805080
vt 0.940997 0.808802
vt 0.951025 0.772677
vt 0.952170 0.777081
vt 0.419458 0.975375
vt 0.412892 0.976721
vt 0.411944 0.969497
vt 0.415632 0.969741
vt 0.586089 0.928699
vt 0.590779 0.924209
vt 0.586890 0.956793
vt 0.581874 0.958817
vt 0.702982 0.840919
vt 0.695872 0.836330
vt 0.692913 0.804558
vt 0.699055 0.806741
vt 0.456236 0.238415
vt 0.424125 0.214642
vt 0.429359 0.215483
vt 0.453401 0.233284
vt 0.430499 0.203783
vt 0.433185 0.208657
vt 0.461812 0.225684
vt 0.457132 0.225185
vt 0.711108 0.911633
vt 0.702353 0.906231
vt 0.700527 0.874379
vt 0.705441 0.872908
vt 0.875822 0.961336
vt 0.866941 0.960558
vt 0.870527 0.955968
vt 0.876249 0.955329
vt 0.589839 0.892137
vt 0.594376 0.893901
vt 0.591854 0.861924
vt 0.597674 0.856684
vt 0.474564 0.895496
vt 0.472399 0.861534
vt 0.474750 0.864835
vt 0.476571 0.893317
vt 0.489292 0.863045
vt 0.488571 0.865720
vt 0.493733 0.897021
vt 0.492300 0.894219
vt 0.215301 0.906095
vt 0.185705 0.891482
vt 0.197223 0.889267
vt 0.211607 0.894525
vt 0.975556 0.387859
vt 0.970449 0.389213
vt 0.973824 0.352726
vt 0.978543 0.348621
vt 0.252567 0.173453
vt 0.246106 0.164585
vt 0.268625 0.131483
vt 0.272796 0.141811
vt 0.309463 0.071341
vt 0.313838 0.077672
vt 0.312111 0.078524
vt 0.308805 0.073690
vt 0.293012 0.108396
vt 0.292631 0.111082
vt 0.289232 0.102465
vt 0.287692 0.103573
vt 0.294345 0.096712
vt 0.295648 0.099390
vt 0.923948 0.965460
vt 0.912979 0.964152
vt 0.485984 0.834055
vt 0.471027 0.832137
vt 0.469031 0.800911
vt 0.481063 0.801491
vt 0.943536 0.314461
vt 0.930014 0.319205
vt 0.931197 0.287346
vt 0.942506 0.284618
vt 0.892569 0.147399
vt 0.890362 0.161531
vt 0.888036 0.164277
vt 0.890766 0.145034
vt 0.901124 0.162278
vt 0.901874 0.165204
vt 0.902166 0.146880
vt 0.902877 0.144162
vt 0.077028 0.885687
vt 0.066282 0.890915
vt 0.070388 0.903619
vt 0.061277 0.905192
vt 0.893851 0.156647
vt 0.899973 0.157189
vt 0.515887 0.858018
vt 0.527874 0.866701
vt 0.530983 0.881162
vt 0.520880 0.876702
vt 0.893907 0.129893
vt 0.904846 0.127655
vt 0.064337 0.918211
vt 0.056392 0.919127
vt 0.534019 0.895277
vt 0.524041 0.891818
vt 0.540023 0.921412
vt 0.547715 0.951448
vt 0.546833 0.949005
vt 0.540354 0.923764
vt 0.889772 0.062128
vt 0.896797 0.067460
vt 0.895054 0.068877
vt 0.889869 0.064874
vt 0.895683 0.100967
vt 0.894152 0.097015
vt 0.533307 0.921641
vt 0.531053 0.918714
vt 0.911340 0.983317
vt 0.903620 0.978245
vt 0.908604 0.968100
vt 0.912979 0.970733
vt 0.076182 0.919127
vt 0.076182 0.949917
vt 0.075135 0.946870
vt 0.075702 0.922761
vt 0.979083 0.732669
vt 0.985884 0.729270
vt 0.982906 0.734206
vt 0.978642 0.736356
vt 0.981666 0.762718
vt 0.979667 0.760286
vt 0.975086 0.762928
vt 0.974122 0.767000
vt 0.904082 0.097848
vt 0.903696 0.062718
vt 0.073009 0.943860
vt 0.071777 0.928785
vt 0.992829 0.734210
vt 0.989972 0.766340
vt 0.969520 0.796001
vt 0.149091 0.867723
vt 0.136414 0.853765
vt 0.137570 0.853946
vt 0.148371 0.865851
vt 0.137078 0.849006
vt 0.137967 0.850340
vt 0.149678 0.862367
vt 0.148712 0.861741
vt 0.141503 0.855379
vt 0.148536 0.859723
vt 0.144757 0.867587
vt 0.133414 0.854467
vt 0.343926 0.956820
vt 0.343914 0.975103
vt 0.348107 0.988333
vt 0.343763 0.991234
vt 0.160885 0.874081
vt 0.160539 0.879849
vt 0.156100 0.880707
vt 0.137246 0.322826
vt 0.149121 0.325054
vt 0.154408 0.328615
vt 0.132562 0.324478
vt 0.148270 0.319054
vt 0.152798 0.317136
vt 0.136964 0.318274
vt 0.132010 0.315689
vt 0.632361 0.847826
vt 0.647367 0.850959
vt 0.645526 0.867041
vt 0.633470 0.868904
vt 0.378270 0.965781
vt 0.367196 0.968786
vt 0.368317 0.964036
vt 0.375955 0.961197
vt 0.610606 0.933210
vt 0.625297 0.931883
vt 0.613314 0.911307
vt 0.624795 0.914916
vt 0.973471 0.044908
vt 0.975993 0.045338
vt 0.977489 0.048585
vt 0.971963 0.047629
vt 0.973855 0.027015
vt 0.974927 0.024555
vt 0.969630 0.024021
vt 0.971645 0.026644
vt 0.639303 0.918619
vt 0.631515 0.919736
vt 0.637905 0.939420
vt 0.630182 0.938128
vt 0.328434 0.926266
vt 0.343763 0.921277
vt 0.341023 0.925826
vt 0.333381 0.926580
vt 0.613471 0.856031
vt 0.620918 0.858043
vt 0.612667 0.835480
vt 0.619399 0.834768
vt 0.967971 0.004133
vt 0.972696 0.004889
vt 0.636144 0.956650
vt 0.628849 0.956520
vt 0.317006 0.885027
vt 0.314006 0.868535
vt 0.315996 0.872531
vt 0.317666 0.881571
vt 0.324206 0.874080
vt 0.326060 0.871467
vt 0.844092 0.406855
vt 0.835272 0.389361
vt 0.838789 0.392186
vt 0.843680 0.401837
vt 0.327571 0.888155
vt 0.325035 0.883308
vt 0.319974 0.878803
vt 0.325132 0.879616
vt 0.836743 0.407992
vt 0.830208 0.393146
vt 0.942000 0.176272
vt 0.929989 0.175618
vt 0.935746 0.157117
vt 0.945608 0.160355
vt 0.328434 0.898620
vt 0.318270 0.895688
vt 0.939318 0.145005
vt 0.949215 0.144437
vt 0.842989 0.284092
vt 0.847905 0.283351
vt 0.846769 0.285529
vt 0.844196 0.285928
vt 0.842798 0.306452
vt 0.843759 0.308351
vt 0.839770 0.306937
vt 0.838218 0.309281
vt 0.306308 0.898620
vt 0.312652 0.901583
vt 0.977332 0.901550
vt 0.969990 0.904394
vt 0.970239 0.882453
vt 0.976577 0.881265
vt 0.799159 0.914289
vt 0.816756 0.908333
vt 0.814977 0.922934
vt 0.808907 0.924318
vt 0.090180 0.969053
vt 0.084190 0.970360
vt 0.988935 0.903195
vt 0.981728 0.901622
vt 0.982427 0.881275
vt 0.988350 0.881265
vt 0.937066 0.120794
vt 0.929191 0.102439
vt 0.929771 0.098682
vt 0.940730 0.124245
vt 0.922005 0.099221
vt 0.924620 0.102745
vt 0.931870 0.121115
vt 0.932091 0.124798
vt 0.988935 0.943483
vt 0.981174 0.944454
vt 0.981997 0.920495
vt 0.988934 0.922738
vt 0.978017 0.920697
vt 0.969520 0.924284
vt 0.978909 0.944592
vt 0.969520 0.945136
vt 0.979615 0.962890
vt 0.969520 0.965989
vt 0.988935 0.964228
vt 0.979615 0.963151
vt 0.897640 0.351632
vt 0.913500 0.356981
vt 0.916947 0.366625
vt 0.893183 0.355470
vt 0.822967 0.802540
vt 0.852221 0.772676
vt 0.857976 0.771751
vt 0.816925 0.813950
vt 0.891174 0.311507
vt 0.895435 0.318138
vt 0.908572 0.313502
vt 0.907160 0.319158
vt 0.820427 0.829670
vt 0.861141 0.787492
vt 0.090443 0.824554
vt 0.110727 0.829858
vt 0.107799 0.841675
vt 0.096466 0.838519
vt 0.877295 0.362599
vt 0.877382 0.325337
vt 0.897493 0.280563
vt 0.890015 0.281345
vt 0.889023 0.271842
vt 0.893564 0.269947
vt 0.887272 0.754104
vt 0.883595 0.747668
vt 0.891690 0.739517
vt 0.895922 0.742415
vt 0.882974 0.283218
vt 0.884591 0.269254
vt 0.690109 0.950268
vt 0.681724 0.949622
vt 0.684440 0.941133
vt 0.687710 0.941826
vt 0.116789 0.981735
vt 0.110991 0.983186
vt 0.110727 0.977591
vt 0.114914 0.976981
vt 0.140465 0.318341
vt 0.140854 0.321405
vt 0.691671 0.954292
vt 0.679658 0.954292
vt 0.685698 0.926310
vt 0.688832 0.926714
vt 0.370102 0.955564
vt 0.373029 0.953963
vt 0.145886 0.315024
vt 0.146147 0.316106
vt 0.112591 0.968022
vt 0.114274 0.968100
vt 0.684015 0.908379
vt 0.686404 0.908322
vt 0.367892 0.942623
vt 0.370726 0.941378
vt 0.352819 0.919246
vt 0.351540 0.919325
vt 0.347404 0.904969
vt 0.348622 0.905020
vt 0.116072 0.953235
vt 0.117663 0.953117
vt 0.826934 0.536827
vt 0.825745 0.537068
vt 0.826027 0.534703
vt 0.826934 0.534592
vt 0.367196 0.924458
vt 0.369407 0.923926
vt 0.351930 0.892835
vt 0.352819 0.893023
vt 0.110727 0.939691
vt 0.111865 0.939370
vt 0.734261 0.925328
vt 0.742941 0.926467
vt 0.735955 0.953154
vt 0.730878 0.955056
vt 0.889247 0.468347
vt 0.891219 0.469185
vt 0.890049 0.474182
vt 0.889247 0.473707
vt 0.730878 0.920749
vt 0.747983 0.926383
vt 0.974641 0.038875
vt 0.975909 0.038885
vt 0.876522 0.471030
vt 0.871109 0.469827
vt 0.872424 0.458008
vt 0.876522 0.457762
vt 0.978174 0.014099
vt 0.978750 0.013681
vt 0.469013 0.956791
vt 0.467907 0.956848
vt 0.464314 0.936169
vt 0.464826 0.936522
vt 0.343763 0.957548
vt 0.339401 0.955271
vt 0.352928 0.828738
vt 0.352407 0.828659
vt 0.352476 0.824554
vt 0.352928 0.824626
vt 0.972757 0.000466
vt 0.972992 -0.000000
vt 0.468798 0.923926
vt 0.469013 0.924330
vt 0.932220 0.468429
vt 0.926782 0.469878
vt 0.927452 0.457217
vt 0.931495 0.457217
vt 0.462880 0.925772
vt 0.464314 0.923926
vt 0.461652 0.938325
vt 0.460727 0.939047
vt 0.877295 0.471875
vt 0.881122 0.468347
vt 0.881122 0.474537
vt 0.879167 0.476185
vt 0.141027 0.853573
vt 0.943014 0.457217
vt 0.943014 0.468893
vt 0.940102 0.467213
vt 0.940088 0.459896
vt 0.148558 0.844623
vt 0.148080 0.843786
vt 0.162867 0.824554
vt 0.163104 0.825087
vt 0.454857 0.926186
vt 0.456839 0.938569
vt 0.152260 0.846186
vt 0.831471 0.536828
vt 0.831044 0.537012
vt 0.831044 0.534740
vt 0.831418 0.534592
vt 0.463793 0.960846
vt 0.461485 0.960832
vt 0.165167 0.826280
vt 0.464314 0.960359
vt 0.726172 0.922004
vt 0.730878 0.921204
vt 0.727460 0.938613
vt 0.725455 0.939301
vt 0.973395 0.758519
vt 0.977008 0.756711
vt 0.980570 0.739268
vt 0.977241 0.740738
vt 0.719470 0.939600
vt 0.730336 0.956853
vt 0.728311 0.957610
vt 0.117663 0.940661
vt 0.121724 0.939370
vt 0.125664 0.958073
vt 0.123828 0.958392
vt 0.714764 0.920749
vt 0.056392 0.948152
vt 0.057141 0.941868
vt 0.830504 0.534872
vt 0.831044 0.534592
vt 0.831044 0.536863
vt 0.830550 0.537089
vt 0.117663 0.959827
vt 0.124430 0.976614
vt 0.122079 0.976532
vt 0.730878 0.956410
vt 0.125019 0.976718
vt 0.861431 0.934958
vt 0.863876 0.934320
vt 0.437917 0.213518
vt 0.435347 0.217877
vt 0.233861 0.903627
vt 0.262217 0.903776
vt 0.257274 0.908136
vt 0.238930 0.910507
vt 0.894610 0.534592
vt 0.865125 0.534592
vt 0.870527 0.529048
vt 0.889714 0.531590
vt 0.246298 0.933072
vt 0.254458 0.931666
vt 0.262217 0.959404
vt 0.257600 0.959834
vt 0.887258 0.907998
vt 0.892317 0.908335
vt 0.878431 0.926996
vt 0.876249 0.926548
vt 0.878302 0.508949
vt 0.886813 0.510286
vt 0.877261 0.475544
vt 0.875892 0.475690
vt 0.876047 0.471063
vt 0.877261 0.471030
vt 0.887140 0.478136
vt 0.891925 0.478449
vt 0.874869 0.908277
vt 0.876249 0.907998
vt 0.892317 0.953644
vt 0.891092 0.953474
vt 0.428244 0.967855
vt 0.422879 0.967713
vt 0.419458 0.941082
vt 0.421602 0.941578
vt 0.842902 0.392380
vt 0.847868 0.397928
vt 0.401287 0.973276
vt 0.392580 0.974283
vt 0.393364 0.968622
vt 0.399400 0.968255
vt 0.411944 0.967584
vt 0.402004 0.971316
vt 0.402253 0.966694
vt 0.409491 0.965901
vt 0.865838 0.376333
vt 0.863475 0.374443
vt 0.875873 0.365972
vt 0.877295 0.367325
vt 0.399618 0.941223
vt 0.402004 0.940598
vt 0.403068 0.939007
vt 0.406021 0.939211
vt 0.828165 0.534592
vt 0.829297 0.534924
vt 0.829297 0.536882
vt 0.828282 0.536507
vt 0.402004 0.923926
vt 0.403938 0.923930
vt 0.426971 0.923926
vt 0.428244 0.924601
vt 0.392580 0.924730
vt 0.393982 0.923926
vt 0.782175 0.922864
vt 0.788313 0.924205
vt 0.790317 0.943440
vt 0.787346 0.943101
vt 0.779134 0.907998
vt 0.796888 0.913814
vt 0.818765 0.907998
vt 0.815702 0.922871
vt 0.799159 0.914258
vt 0.789136 0.924295
vt 0.006626 0.967339
vt 0.003267 0.968396
vt 0.003463 0.953468
vt 0.005957 0.952674
vt 0.809672 0.942951
vt 0.806743 0.943309
vt 0.810041 0.942946
vt 0.790736 0.943453
vt 0.005725 0.952370
vt 0.003267 0.953209
vt 0.818765 0.957360
vt 0.818491 0.957364
vt 0.781647 0.957515
vt 0.781335 0.957504
vt 0.779134 0.957245
vt 0.357721 0.932034
vt 0.365907 0.931012
vt 0.366010 0.944061
vt 0.361578 0.944236
vt 0.125664 0.940897
vt 0.133847 0.939370
vt 0.132410 0.947705
vt 0.127667 0.948978
vt 0.352928 0.925076
vt 0.367196 0.923926
vt 0.378270 0.923926
vt 0.392580 0.923926
vt 0.389940 0.932019
vt 0.381714 0.931755
vt 0.367196 0.959508
vt 0.364765 0.959046
vt 0.387385 0.944408
vt 0.382949 0.944538
vt 0.133437 0.960257
vt 0.130939 0.960533
vt 0.432691 0.964524
vt 0.428244 0.961319
vt 0.434839 0.952161
vt 0.437412 0.953387
vt 0.938199 0.468969
vt 0.936936 0.469755
vt 0.936936 0.457570
vt 0.937871 0.457217
vt 0.385799 0.957628
vt 0.383413 0.958063
vt 0.126652 0.973774
vt 0.125664 0.973330
vt 0.435287 0.937400
vt 0.436642 0.937178
vt 0.830504 0.536510
vt 0.829297 0.536587
vt 0.829435 0.534806
vt 0.830504 0.534592
vt 0.428244 0.924392
vt 0.429089 0.923926
vt 0.352873 0.876350
vt 0.350985 0.875988
vt 0.351496 0.861239
vt 0.352873 0.861726
vt 0.940088 0.469925
vt 0.939246 0.457772
vt 0.833682 0.969955
vt 0.818765 0.968496
vt 0.824806 0.950428
vt 0.832671 0.950640
vt 0.847011 0.972795
vt 0.839146 0.975666
vt 0.833682 0.965814
vt 0.838079 0.964396
vt 0.886720 0.087486
vt 0.886693 0.071927
vt 0.537682 0.940826
vt 0.534019 0.927115
vt 0.906304 0.952750
vt 0.904124 0.951193
vt 0.908654 0.924623
vt 0.909754 0.925202
vt 0.838962 0.950980
vt 0.841214 0.950062
vt 0.866301 0.083350
vt 0.866839 0.075200
vt 0.844889 0.066793
vt 0.844371 0.070616
vt 0.823673 0.068763
vt 0.823762 0.067780
vt 0.839571 0.924343
vt 0.840679 0.924076
vt 0.818765 0.928364
vt 0.822484 0.928219
vt 0.749623 0.805648
vt 0.749374 0.805469
vt 0.749391 0.804558
vt 0.749623 0.804709
vt 0.822460 0.907998
vt 0.823413 0.908011
vt 0.903620 0.907998
vt 0.903921 0.908074
vt 0.846722 0.907998
vt 0.847011 0.908002
vt 0.981826 0.199364
vt 0.977662 0.198673
vt 0.975417 0.188072
vt 0.977181 0.188188
vt 0.306089 0.959128
vt 0.277663 0.959128
vt 0.283143 0.954611
vt 0.299091 0.953464
vt 0.948341 0.798069
vt 0.952587 0.799060
vt 0.749623 0.907998
vt 0.779134 0.907998
vt 0.773251 0.914969
vt 0.756622 0.913663
vt 0.293852 0.940757
vt 0.287073 0.941423
vt 0.287572 0.922030
vt 0.291207 0.921382
vt 0.768942 0.926127
vt 0.761866 0.925378
vt 0.415396 0.955791
vt 0.416933 0.956049
vt 0.763959 0.944851
vt 0.767769 0.945580
vt 0.766163 0.956947
vt 0.763808 0.956244
vt 0.412716 0.936559
vt 0.413455 0.936896
vt 0.980940 0.171647
vt 0.981827 0.171472
vt 0.289111 0.907761
vt 0.289332 0.908266
vt 0.287088 0.908924
vt 0.286844 0.908501
vt 0.419162 0.923926
vt 0.419458 0.924297
vt 0.976437 0.159015
vt 0.976831 0.158688
vt 0.255441 0.887645
vt 0.241086 0.893888
vt 0.239833 0.866766
vt 0.245339 0.864499
vt 0.153441 0.962521
vt 0.139064 0.961701
vt 0.143558 0.950327
vt 0.150404 0.951101
vt 0.485500 0.876159
vt 0.479007 0.875989
vt 0.263084 0.887078
vt 0.233861 0.903627
vt 0.151188 0.924083
vt 0.148586 0.923940
vt 0.139064 0.901783
vt 0.140286 0.901943
vt 0.206951 0.864882
vt 0.212466 0.866782
vt 0.084190 0.985471
vt 0.078923 0.987260
vt 0.076182 0.963545
vt 0.078220 0.962993
vt 0.084190 0.938927
vt 0.083251 0.939268
vt 0.076921 0.919436
vt 0.077413 0.919127
vt 0.235359 0.846246
vt 0.237975 0.845339
vt 0.212697 0.845539
vt 0.215301 0.846264
vt 0.830016 0.538218
vt 0.829297 0.538178
vt 0.829297 0.536587
vt 0.829929 0.536627
vt 0.233861 0.824825
vt 0.235395 0.824554
vt 0.213424 0.824554
vt 0.214924 0.824705
vt 0.141585 0.880707
vt 0.142263 0.880934
vt 0.900572 0.530193
vt 0.897404 0.530405
vt 0.894610 0.510548
vt 0.895879 0.509923
vt 0.139064 0.939370
vt 0.110727 0.930192
vt 0.118379 0.929873
vt 0.131812 0.932290
vt 0.185705 0.906095
vt 0.214386 0.906095
vt 0.207257 0.912396
vt 0.193926 0.910384
vt 0.305104 0.085737
vt 0.303952 0.083562
vt 0.133579 0.913096
vt 0.127413 0.912743
vt 0.132446 0.893653
vt 0.135387 0.893643
vt 0.206810 0.929559
vt 0.200770 0.927941
vt 0.746686 0.919502
vt 0.744106 0.918771
vt 0.747284 0.902418
vt 0.748221 0.903134
vt 0.136726 0.881229
vt 0.138974 0.881133
vt 0.744106 0.883926
vt 0.744438 0.884349
vt 0.900075 0.491589
vt 0.900572 0.491160
vt 0.205763 0.948712
vt 0.202894 0.947803
vt 0.139064 0.880707
vt 0.136788 0.880869
vt 0.747606 0.872017
vt 0.747759 0.872376
vt 0.898865 0.478534
vt 0.899139 0.478136
vt 0.207593 0.960464
vt 0.205401 0.959721
vt 0.165167 0.824554
vt 0.185705 0.827798
vt 0.173322 0.858822
vt 0.166558 0.859138
vt 0.823800 0.786710
vt 0.839865 0.769493
vt 0.911608 0.330307
vt 0.905082 0.329771
vt 0.905980 0.348358
vt 0.090949 0.882815
vt 0.094676 0.883485
vt 0.109809 0.917985
vt 0.107692 0.917588
vt 0.215301 0.826931
vt 0.223370 0.824554
vt 0.233861 0.860015
vt 0.231235 0.860642
vt 0.804660 0.751593
vt 0.810965 0.747189
vt 0.215301 0.893957
vt 0.216786 0.893576
vt 0.230419 0.953219
vt 0.229699 0.953484
vt 0.785272 0.716577
vt 0.789160 0.714137
vt 0.175199 0.897742
vt 0.171251 0.898116
vt 0.352928 0.830986
vt 0.352161 0.830550
vt 0.352338 0.828738
vt 0.352928 0.828906
vt 0.749623 0.673768
vt 0.751300 0.672233
vt 0.167090 0.953110
vt 0.165167 0.952946
vt 0.091460 0.979510
vt 0.090443 0.979166
vt 0.011590 0.925121
vt 0.000000 0.928511
vt 0.020009 0.879698
vt 0.025333 0.878096
vt 0.579347 0.056887
vt 0.580517 0.076196
vt 0.862613 0.631527
vt 0.508025 0.967299
vt 0.506576 0.951448
vt 0.520935 0.960124
vt 0.520935 0.969101
vt 0.446536 0.962982
vt 0.437412 0.964310
vt 0.437412 0.923926
vt 0.442657 0.923958
vt 0.838811 0.594381
vt 0.841226 0.587224
vt 0.832125 0.595318
vt 0.028002 0.929928
vt 0.031989 0.880291
vt 0.840301 0.557710
vt 0.836463 0.557375
vt 0.823673 0.538421
vt 0.826654 0.538859
vt 0.454857 0.966452
vt 0.446536 0.963960
vt 0.450062 0.923926
vt 0.454857 0.924483
vt 0.000000 0.847617
vt 0.002628 0.845943
vt 0.544394 0.972978
vt 0.544999 0.975746
vt 0.542273 0.975532
vt 0.541432 0.973542
vt 0.003267 0.975489
vt -0.000000 0.974744
vt 0.000718 0.952370
vt 0.003267 0.952805
vt 0.001155 0.825974
vt 0.003138 0.824554
vt 0.541199 0.952369
vt 0.544999 0.951448
vt 0.090187 0.085214
vt 0.068991 0.073970
vt 0.089886 0.030419
vt 0.099207 0.033642
vt 0.865125 0.499421
vt 0.823673 0.534592
vt 0.824171 0.516211
vt 0.852635 0.499771
vt 0.014765 0.929928
vt 0.014765 0.952370
vt 0.001987 0.950132
vt -0.000000 0.936400
vt 0.661393 0.912306
vt 0.668297 0.908322
vt 0.668297 0.958166
vt 0.664707 0.960243
vt 0.823673 0.462566
vt 0.836268 0.457762
vt 0.723241 0.856055
vt 0.726902 0.855461
vt 0.101683 0.085129
vt 0.104420 0.032667
vt 0.352877 0.883935
vt 0.351189 0.881584
vt 0.350985 0.876350
vt 0.352877 0.876714
vt 0.714764 0.849867
vt 0.737729 0.804558
vt 0.742200 0.807720
vt 0.744106 0.807639
vt 0.655574 0.911033
vt 0.661570 0.959735
vt 0.687208 0.896312
vt 0.663057 0.898279
vt 0.661752 0.806912
vt 0.675040 0.804558
vt 0.696850 0.072427
vt 0.700995 0.050459
vt 0.692914 0.908322
vt 0.655574 0.908322
vt 0.955133 0.662517
vt 0.944946 0.656502
vt 0.954477 0.651114
vt 0.960785 0.655217
vt 0.164451 0.957859
vt 0.153441 0.963981
vt 0.153441 0.884433
vt 0.160734 0.880707
vt 0.602732 0.045660
vt 0.606461 0.033931
vt 0.984925 0.558904
vt 0.988193 0.561292
vt 0.901179 0.562925
vt 0.906550 0.558954
vt 0.967399 0.880438
vt 0.967316 0.884830
vt 0.959582 0.879681
vt 0.959857 0.877066
vt 0.944946 0.469928
vt 0.947056 0.471515
vt 0.941460 0.472514
vt 0.967399 0.967971
vt 0.955823 0.959652
vt 0.054425 0.938154
vt 0.040243 0.937482
vt 0.031989 0.869599
vt 0.038559 0.870537
vt 0.744270 0.005363
vt 0.749623 0.011589
vt 0.056392 0.958238
vt 0.034306 0.953288
vt 0.938729 0.890048
vt 0.955823 0.877066
vt 0.955106 0.896294
vt 0.944527 0.903506
vt 0.975417 0.199112
vt 0.967971 0.198254
vt 0.971005 0.158688
vt 0.975417 0.158694
vt 0.934793 0.985937
vt 0.924288 0.987315
vt 0.929459 0.917720
vt 0.934347 0.916669
vt 0.955823 0.965085
vt 0.950848 0.968703
vt 0.938729 0.987487
vt 0.936195 0.917495
vt 0.881122 0.473083
vt 0.884110 0.474258
vt 0.884110 0.475596
vt 0.881122 0.477021
vt 0.031989 0.971853
vt 0.029443 0.971992
vt 0.029443 0.929928
vt 0.030947 0.930014
vt 0.052771 0.824554
vt 0.056392 0.826115
vt 0.924288 0.878330
vt 0.927135 0.877066
vt 0.277663 0.969202
vt 0.263084 0.967760
vt 0.265590 0.905593
vt 0.273115 0.906081
vt 0.167837 -0.000000
vt 0.173801 0.002785
vt 0.179911 0.005012
vt 0.067091 0.949917
vt 0.067091 0.975453
vt 0.057556 0.971213
vt 0.056392 0.953556
vt 0.993823 0.073045
vt 0.990531 0.070424
vt 0.989361 0.000000
vt 0.991179 0.001277
vt 0.994262 0.591744
vt 0.988193 0.593831
vt 0.996799 0.544506
vt 1.000000 0.543556
vt 0.993823 0.131954
vt 0.987395 0.127020
vt 0.982459 0.128311
vt 0.987987 0.071000
vt 0.277020 0.824817
vt 0.277663 0.826650
vt 0.273615 0.825939
vt 0.275521 0.824554
vt 0.987985 0.000467
vt 0.988193 0.470662
vt 0.989790 0.469928
vt 0.898842 0.744492
vt 0.899591 0.732088
vt 0.902066 0.733828
vt 0.890788 0.301453
vt 0.879246 0.311297
vt 0.881110 0.297257
vt 0.890402 0.291399
vt 0.869851 0.776362
vt 0.866516 0.763723
vt 0.875055 0.755696
vt 0.878561 0.765233
vt 0.904879 0.302523
vt 0.901186 0.291543
vt 0.040410 0.066417
vt 0.029976 0.073167
vt 0.019806 0.062097
vt 0.027662 0.056376
vt 0.868994 0.784547
vt 0.876818 0.778533
vt 0.876453 0.784564
vt 0.046539 0.058900
vt 0.032634 0.050175
vt 0.329067 0.905008
vt 0.340300 0.902536
vt 0.018729 0.041449
vt 0.534144 0.954554
vt 0.534144 0.969172
vt 0.521101 0.963540
vt 0.520935 0.951448
vt 0.953110 0.000658
vt 0.964163 0.000000
vt 0.982459 0.144516
vt 0.986736 0.145709
vt 0.986332 0.163007
vt 0.983526 0.162666
vt 0.932220 0.457217
vt 0.936936 0.457293
vt 0.936049 0.467246
vt 0.932220 0.467348
vt 0.893707 0.262701
vt 0.897230 0.264880
vt 0.019347 0.976714
vt 0.014765 0.976585
vt 0.017582 0.966625
vt 0.021316 0.966800
vt 0.982798 0.131954
vt 0.988104 0.133212
vt 0.896093 0.729793
vt 0.908386 0.716022
vt 0.906860 0.714712
vt 0.922879 0.701768
vt 0.923511 0.702369
vt 0.910334 0.717746
vt 0.310120 0.982594
vt 0.306308 0.982594
vt 0.306367 0.966399
vt 0.308729 0.966761
vt 0.893624 0.728292
vt 0.908472 0.248095
vt 0.910874 0.249148
vt 0.017706 0.949268
vt 0.020020 0.949054
vt 0.987823 0.181412
vt 0.988104 0.182562
vt 0.987493 0.183275
vt 0.986350 0.183133
vt 0.986086 0.181964
vt 0.986632 0.181327
vt 0.924705 0.230671
vt 0.925740 0.231068
vt 0.014765 0.930063
vt 0.015727 0.929928
vt 0.924288 0.703129
vt 0.306604 0.946579
vt 0.307591 0.946783
vt 0.856915 0.907998
vt 0.861431 0.911113
vt 0.848836 0.935558
vt 0.847011 0.934957
vt 0.965606 0.227617
vt 0.961582 0.230318
vt 0.959018 0.225862
vt 0.961904 0.224609
vt 0.326790 0.900203
vt 0.328434 0.907064
vt 0.324436 0.906973
vt 0.323095 0.902991
vt 0.312771 0.898620
vt 0.313300 0.902483
vt 0.312771 0.927953
vt 0.316432 0.927493
vt 0.323408 0.962224
vt 0.321338 0.962713
vt 0.668297 0.909029
vt 0.678026 0.908322
vt 0.679658 0.927815
vt 0.675952 0.927347
vt 0.949215 0.197330
vt 0.950321 0.197293
vt 0.828165 0.536858
vt 0.826934 0.536805
vt 0.827338 0.534648
vt 0.828165 0.534592
vt 0.964981 0.171950
vt 0.965606 0.172061
vt 0.861431 0.966866
vt 0.860357 0.966692
vt 0.670419 0.962882
vt 0.668297 0.962337
vt 0.892317 0.907998
vt 0.900705 0.910117
vt 0.903620 0.938067
vt 0.899699 0.937037
vt 0.881411 0.771562
vt 0.328434 0.898283
vt 0.335539 0.897616
vt 0.871109 0.457762
vt 0.871109 0.474262
vt 0.865126 0.470091
vt 0.866003 0.460057
vt 0.346604 0.864060
vt 0.343250 0.864428
vt 0.345406 0.825069
vt 0.347404 0.824554
vt 0.029284 0.968202
vt 0.021316 0.968202
vt 0.022962 0.929928
vt 0.026779 0.929959
vt 0.074669 0.983024
vt 0.067091 0.983024
vt 0.070446 0.949963
vt 0.074055 0.949917
vt 0.825745 0.537018
vt 0.823673 0.536964
vt 0.824124 0.534723
vt 0.825745 0.534592
vt 0.894555 0.972080
vt 0.892317 0.971100
vt 0.138353 0.970510
vt 0.133847 0.968952
vt 0.135460 0.939370
vt 0.138353 0.940057
vt 0.537930 0.981869
vt 0.534144 0.982953
vt 0.534144 0.951928
vt 0.536628 0.951448
s 1
usemtl Material
f 146/1/146 142/2/142 17/3/17 18/4/18
f 11/5/11 10/6/10 7/7/7 8/8/8
f 8/9/8 7/10/7 5/11/5 6/12/6
f 9/13/9 2/14/2 4/15/4 11/16/11
f 2/17/2 1/18/1 3/19/3 4/20/4
f 9/21/9 12/22/12 1/18/1 2/17/2
f 6/23/6 5/24/5 12/25/12 9/26/9
f 6/27/6 9/13/9 11/16/11 8/28/8
f 4/29/4 3/30/3 10/6/10 11/5/11
f 145/31/145 141/32/141 13/33/13 14/34/14
f 132/35/132 130/36/130 20/37/20 23/38/23
f 131/39/131 129/40/129 22/41/22 19/42/19
f 141/32/141 143/43/143 16/44/16 13/33/13
f 142/45/142 145/46/145 14/47/14 17/48/17
f 143/49/143 144/50/144 15/51/15 16/52/16
f 144/53/144 146/1/146 18/4/18 15/54/15
f 120/55/120 119/56/119 30/57/30 27/58/27
f 119/56/119 117/59/117 29/60/29 30/57/30
f 130/61/130 131/39/131 19/42/19 20/62/20
f 133/63/133 132/64/132 23/65/23 24/66/24
f 134/67/134 133/63/133 24/66/24 21/68/21
f 129/69/129 134/70/134 21/71/21 22/72/22
f 121/73/121 120/74/120 27/75/27 28/76/28
f 122/77/122 121/78/121 28/79/28 25/80/25
f 117/81/117 118/82/118 26/83/26 29/84/29
f 118/85/118 122/77/122 25/80/25 26/86/26
f 100/87/100 99/88/99 56/89/56 37/90/37
f 102/91/102 98/92/98 39/93/39 40/94/40
f 162/95/162 161/96/161 44/97/44 41/98/41
f 161/99/161 159/100/159 43/101/43 44/102/44
f 95/103/95 96/104/96 36/105/36 55/106/55
f 45/107/45 42/108/42 722/109/722 723/110/723
f 41/98/41 44/97/44 734/111/734 736/112/736
f 160/113/160 162/95/162 41/98/41 42/114/42
f 751/115/751 50/116/50 781/117/781 783/118/783
f 754/119/754 755/120/755 48/121/48 47/122/47
f 751/115/751 752/123/752 49/124/49 50/116/50
f 57/125/57 58/126/58 54/127/54 53/128/53
f 110/129/110 57/130/57 53/131/53 108/129/108
f 60/132/60 59/133/59 55/134/55 56/132/56
f 101/135/101 60/135/60 56/135/56 99/135/99
f 33/135/33 34/135/34 58/135/58 57/135/57
f 40/94/40 39/93/39 59/136/59 60/137/60
f 102/91/102 40/94/40 60/137/60 101/138/101
f 107/135/107 66/135/66 62/135/62 103/135/103
f 97/135/97 65/135/65 61/135/61 95/135/95
f 108/139/108 109/140/109 64/141/64 61/142/61
f 104/143/104 103/144/103 62/145/62 63/146/63
f 113/147/113 116/148/116 67/149/67 68/150/68
f 128/151/128 126/152/126 73/153/73 74/154/74
f 127/155/127 128/156/128 74/157/74 69/158/69
f 126/152/126 125/159/125 72/160/72 73/153/73
f 125/161/125 124/162/124 71/163/71 72/164/72
f 123/165/123 127/166/127 69/167/69 70/168/70
f 124/169/124 123/165/123 70/168/70 71/170/71
f 139/171/139 138/172/138 80/173/80 75/174/75
f 138/175/138 137/176/137 79/177/79 80/178/80
f 137/176/137 136/179/136 78/180/78 79/177/79
f 140/181/140 135/182/135 76/183/76 77/184/77
f 135/182/135 139/185/139 75/186/75 76/183/76
f 136/187/136 140/188/140 77/189/77 78/190/78
f 152/191/152 148/192/148 84/193/84 86/194/86
f 151/195/151 152/196/152 86/197/86 85/198/85
f 150/199/150 147/200/147 82/201/82 83/202/83
f 149/203/149 151/204/151 85/205/85 81/206/81
f 147/200/147 149/207/149 81/208/81 82/201/82
f 148/192/148 150/209/150 83/210/83 84/193/84
f 165/211/165 168/212/168 90/213/90 87/214/87
f 163/215/163 164/216/164 89/217/89 88/218/88
f 163/219/163 165/220/165 87/221/87 88/222/88
f 158/223/158 154/224/154 93/225/93 94/226/94
f 153/227/153 157/228/157 91/229/91 92/230/92
f 154/224/154 153/231/153 92/232/92 93/225/93
f 59/233/59 97/103/97 95/103/95 55/106/55
f 39/93/39 98/92/98 97/234/97 59/136/59
f 66/135/66 101/135/101 99/135/99 62/135/62
f 61/142/61 64/141/64 96/104/96 95/103/95
f 63/146/63 62/145/62 99/88/99 100/87/100
f 31/235/31 54/127/54 103/144/103 104/143/104
f 32/236/32 31/237/31 104/238/104 105/239/105
f 58/240/58 107/241/107 103/241/103 54/242/54
f 65/135/65 110/135/110 108/135/108 61/135/61
f 25/80/25 28/79/28 116/148/116 113/147/113
f 27/58/27 30/57/30 114/243/114 115/244/115
f 28/76/28 27/75/27 115/245/115 116/246/116
f 74/154/74 73/153/73 122/77/122 118/85/118
f 69/158/69 74/157/74 118/82/118 117/81/117
f 73/153/73 72/160/72 121/78/121 122/77/122
f 72/164/72 71/163/71 120/74/120 121/73/121
f 70/168/70 69/167/69 117/59/117 119/56/119
f 71/170/71 70/168/70 119/56/119 120/55/120
f 21/68/21 24/66/24 123/165/123 124/169/124
f 24/66/24 23/65/23 127/166/127 123/165/123
f 22/72/22 21/71/21 124/162/124 125/161/125
f 19/42/19 22/41/22 125/159/125 126/152/126
f 23/38/23 20/37/20 128/156/128 127/155/127
f 20/62/20 19/42/19 126/152/126 128/151/128
f 75/174/75 80/173/80 134/70/134 129/69/129
f 80/178/80 79/177/79 133/63/133 134/67/134
f 79/177/79 78/180/78 132/64/132 133/63/133
f 77/184/77 76/183/76 131/39/131 130/61/130
f 76/183/76 75/186/75 129/40/129 131/39/131
f 78/190/78 77/189/77 130/36/130 132/35/132
f 17/48/17 14/47/14 140/188/140 136/187/136
f 13/33/13 16/44/16 139/185/139 135/182/135
f 14/34/14 13/33/13 135/182/135 140/181/140
f 18/4/18 17/3/17 136/179/136 137/176/137
f 15/54/15 18/4/18 137/176/137 138/175/138
f 16/52/16 15/51/15 138/172/138 139/171/139
f 86/194/86 84/193/84 146/1/146 144/53/144
f 85/198/85 86/197/86 144/50/144 143/49/143
f 83/202/83 82/201/82 145/46/145 142/45/142
f 81/206/81 85/205/85 143/43/143 141/32/141
f 82/247/82 81/206/81 141/32/141 145/31/145
f 84/193/84 83/210/83 142/2/142 146/1/146
f 12/25/12 5/24/5 150/209/150 148/192/148
f 7/7/7 10/6/10 149/203/149 147/248/147
f 10/6/10 3/30/3 151/204/151 149/203/149
f 5/11/5 7/10/7 147/200/147 150/199/150
f 3/19/3 1/18/1 152/196/152 151/195/151
f 1/249/1 12/25/12 148/192/148 152/191/152
f 35/250/35 38/251/38 153/231/153 154/224/154
f 38/252/38 37/253/37 157/228/157 153/227/153
f 55/106/55 36/105/36 158/254/158 155/255/155
f 36/256/36 35/250/35 154/224/154 158/223/158
f 56/257/56 55/106/55 155/255/155 156/258/156
f 37/253/37 56/259/56 156/260/156 157/228/157
f 94/226/94 93/225/93 162/95/162 160/113/160
f 92/261/92 91/262/91 711/263/711 710/264/710
f 93/225/93 92/232/92 161/96/161 162/95/162
f 35/250/35 38/251/38 165/220/165 163/219/163
f 36/265/36 55/266/55 166/267/166 164/268/164
f 35/269/35 36/270/36 164/216/164 163/215/163
f 55/271/55 56/272/56 167/273/167 166/274/166
f 56/272/56 37/275/37 168/276/168 167/273/167
f 38/252/38 37/253/37 168/212/168 165/211/165
f 87/214/87 90/213/90 170/277/170 169/278/169
f 88/218/88 89/217/89 172/279/172 171/280/171
f 169/281/169 171/282/171 697/283/697 700/284/700
f 174/285/174 175/286/175 176/287/176 173/288/173
f 178/289/178 176/290/176 175/291/175 177/292/177
f 173/288/173 179/293/179 180/294/180 174/285/174
f 179/293/179 178/295/178 177/296/177 180/294/180
f 175/286/175 174/285/174 106/297/106 109/298/109
f 180/294/180 111/299/111 32/300/32 174/285/174
f 179/293/179 173/288/173 222/301/222 224/302/224
f 174/285/174 32/300/32 105/303/105 106/297/106
f 112/304/112 177/292/177 175/291/175 53/305/53
f 53/305/53 175/291/175 109/140/109 108/139/108
f 68/150/68 67/149/67 111/299/111 180/294/180
f 186/306/186 181/307/181 182/308/182 185/309/185
f 188/310/188 184/311/184 183/312/183 187/313/187
f 181/307/181 183/314/183 184/315/184 182/308/182
f 185/309/185 188/316/188 187/317/187 186/306/186
f 183/318/183 181/319/181 270/320/270 271/321/271
f 115/244/115 114/243/114 182/308/182 184/315/184
f 67/322/67 184/311/184 188/310/188 111/323/111
f 116/246/116 115/245/115 184/311/184 67/322/67
f 188/316/188 185/309/185 54/127/54 31/235/31
f 185/309/185 112/324/112 53/128/53 54/127/54
f 111/323/111 188/310/188 31/237/31 32/236/32
f 194/325/194 189/326/189 190/327/190 193/328/193
f 196/329/196 192/330/192 191/331/191 195/332/195
f 189/333/189 191/331/191 192/330/192 190/334/190
f 193/335/193 196/329/196 195/332/195 194/336/194
f 190/327/190 63/337/63 100/338/100 193/328/193
f 105/239/105 104/238/104 63/337/63 190/327/190
f 364/339/364 363/340/363 247/341/247 248/342/248
f 106/297/106 105/303/105 190/334/190 192/330/192
f 64/343/64 192/330/192 196/329/196 96/344/96
f 109/298/109 106/297/106 192/330/192 64/343/64
f 196/329/196 193/335/193 38/251/38 35/250/35
f 193/328/193 100/338/100 37/253/37 38/252/38
f 96/344/96 196/329/196 35/250/35 36/256/36
f 204/345/204 198/346/198 197/347/197 203/348/203
f 198/346/198 200/349/200 199/350/199 197/347/197
f 200/349/200 201/351/201 202/352/202 199/350/199
f 203/348/203 202/352/202 201/351/201 204/345/204
f 198/353/198 204/354/204 110/355/110 65/356/65
f 98/92/98 198/346/198 65/357/65 97/234/97
f 197/358/197 199/359/199 235/360/235 233/361/233
f 200/349/200 198/346/198 98/92/98 102/91/102
f 200/349/200 102/91/102 101/138/101 66/362/66
f 201/363/201 200/364/200 66/365/66 107/366/107
f 34/367/34 201/363/201 107/366/107 58/367/58
f 34/368/34 33/369/33 204/345/204 201/351/201
f 204/354/204 33/370/33 57/370/57 110/355/110
f 212/371/212 206/372/206 205/373/205 211/374/211
f 206/372/206 208/375/208 207/376/207 205/373/205
f 208/375/208 209/377/209 210/378/210 207/376/207
f 211/374/211 210/378/210 209/377/209 212/371/212
f 210/379/210 211/380/211 256/381/256 258/382/258
f 208/375/208 206/372/206 177/292/177 112/304/112
f 212/383/212 113/147/113 68/150/68 206/384/206
f 206/384/206 68/150/68 180/294/180 177/296/177
f 182/308/182 208/385/208 112/324/112 185/309/185
f 114/243/114 209/386/209 208/385/208 182/308/182
f 30/57/30 29/60/29 209/386/209 114/243/114
f 29/84/29 26/83/26 212/371/212 209/377/209
f 26/86/26 25/80/25 113/147/113 212/383/212
f 218/387/218 213/388/213 214/389/214 217/390/217
f 220/391/220 216/392/216 215/393/215 219/394/219
f 213/395/213 215/393/215 216/392/216 214/396/214
f 217/390/217 220/397/220 219/398/219 218/387/218
f 214/389/214 94/399/94 160/400/160 217/390/217
f 155/255/155 158/254/158 94/399/94 214/389/214
f 219/394/219 215/393/215 683/401/683 684/402/684
f 156/403/156 155/404/155 214/396/214 216/392/216
f 91/229/91 216/405/216 220/406/220 159/100/159
f 157/228/157 156/260/156 216/405/216 91/229/91
f 220/397/220 217/390/217 45/107/45 46/407/46
f 217/390/217 160/400/160 42/108/42 45/107/45
f 159/100/159 220/406/220 46/408/46 43/101/43
f 286/409/286 285/410/285 227/411/227 225/412/225
f 176/290/176 178/289/178 223/413/223 221/414/221
f 173/415/173 176/416/176 221/417/221 222/418/222
f 178/419/178 179/420/179 224/421/224 223/422/223
f 299/423/299 297/424/297 230/425/230 232/426/232
f 231/427/231 232/428/232 230/429/230 229/430/229
f 297/431/297 298/432/298 229/433/229 230/434/230
f 300/435/300 299/436/299 232/437/232 231/438/231
f 298/439/298 300/440/300 231/441/231 229/442/229
f 199/443/199 202/444/202 236/445/236 235/446/235
f 203/447/203 197/448/197 233/449/233 234/450/234
f 202/451/202 203/452/203 234/453/234 236/454/236
f 305/455/305 303/456/303 242/457/242 244/458/244
f 307/459/307 308/460/308 240/461/240 239/462/239
f 244/463/244 242/464/242 241/465/241 243/466/243
f 306/467/306 304/468/304 243/466/243 241/465/241
f 304/469/304 305/455/305 244/458/244 243/470/243
f 303/471/303 306/467/306 241/465/241 242/464/242
f 366/472/366 365/473/365 245/474/245 246/475/246
f 363/476/363 366/477/366 246/478/246 247/479/247
f 365/480/365 364/481/364 248/482/248 245/483/245
f 384/484/384 381/485/381 252/486/252 253/487/253
f 369/488/369 370/489/370 249/490/249 250/491/250
f 253/492/253 252/493/252 251/494/251 254/495/254
f 381/496/381 382/497/382 251/498/251 252/499/252
f 382/500/382 383/501/383 254/502/254 251/503/251
f 383/504/383 384/505/384 253/506/253 254/507/254
f 344/508/344 343/509/343 260/510/260 262/511/262
f 205/512/205 207/513/207 257/514/257 255/515/255
f 207/516/207 210/517/210 258/518/258 257/519/257
f 211/520/211 205/521/205 255/522/255 256/523/256
f 361/524/361 359/525/359 268/526/268 267/527/267
f 349/528/349 350/529/350 263/530/263 264/531/264
f 268/532/268 266/533/266 265/534/265 267/535/267
f 362/536/362 360/537/360 265/538/265 266/539/266
f 359/540/359 362/541/362 266/542/266 268/543/268
f 360/544/360 361/545/361 267/546/267 265/547/265
f 186/548/186 187/549/187 272/550/272 269/551/269
f 187/313/187 183/312/183 271/552/271 272/553/272
f 181/307/181 186/306/186 269/554/269 270/555/270
f 324/556/324 323/557/323 279/558/279 280/559/280
f 317/560/317 318/561/318 273/562/273 274/563/274
f 336/564/336 333/565/333 282/566/282 283/567/283
f 283/567/283 282/566/282 281/568/281 284/569/284
f 333/565/333 334/570/334 281/568/281 282/566/282
f 334/571/334 335/572/335 284/573/284 281/574/281
f 335/572/335 336/575/336 283/576/283 284/573/284
f 224/577/224 222/578/222 288/579/288 287/580/287
f 296/581/296 294/582/294 292/583/292 291/584/291
f 294/585/294 293/586/293 290/587/290 292/588/292
f 295/589/295 296/590/296 291/591/291 289/592/289
f 293/593/293 295/594/295 289/595/289 290/596/290
f 228/597/228 226/598/226 295/594/295 293/593/293
f 226/599/226 225/600/225 296/590/296 295/589/295
f 227/601/227 228/602/228 293/586/293 294/585/294
f 225/412/225 227/411/227 294/582/294 296/581/296
f 291/584/291 292/583/292 300/440/300 298/439/298
f 292/588/292 290/587/290 299/436/299 300/435/300
f 289/592/289 291/591/291 298/432/298 297/431/297
f 290/596/290 289/595/289 297/424/297 299/423/299
f 312/603/312 309/604/309 301/605/301 302/606/302
f 302/606/302 301/605/301 308/460/308 307/459/307
f 236/454/236 234/453/234 311/607/311 309/608/309
f 233/361/233 235/360/235 312/609/312 310/610/310
f 235/446/235 236/445/236 309/604/309 312/603/312
f 234/450/234 233/449/233 310/611/310 311/612/311
f 326/613/326 327/614/327 314/615/314 313/616/313
f 319/617/319 320/618/320 315/619/315 316/620/316
f 313/616/313 314/615/314 318/561/318 317/560/317
f 276/621/276 275/622/275 320/618/320 319/617/319
f 275/623/275 274/624/274 321/625/321 320/626/320
f 274/563/274 273/562/273 322/627/322 321/628/321
f 273/629/273 276/630/276 319/631/319 322/632/322
f 316/620/316 315/619/315 323/557/323 324/556/324
f 271/321/271 270/320/270 326/633/326 325/634/325
f 270/635/270 269/636/269 327/614/327 326/613/326
f 269/551/269 272/550/272 328/637/328 327/638/327
f 272/553/272 271/552/271 325/639/325 328/640/328
f 331/641/331 332/642/332 330/643/330 329/644/329
f 277/645/277 280/646/280 332/647/332 331/648/331
f 329/644/329 330/643/330 335/572/335 334/571/334
f 339/649/339 341/650/341 337/651/337 338/652/338
f 258/382/258 256/381/256 341/650/341 339/649/339
f 255/515/255 257/514/257 342/653/342 340/654/340
f 257/519/257 258/518/258 339/655/339 342/656/342
f 256/523/256 255/522/255 340/657/340 341/658/341
f 338/652/338 337/651/337 343/509/343 344/508/344
f 348/659/348 347/660/347 345/661/345 346/662/346
f 261/663/261 262/664/262 347/660/347 348/659/348
f 358/665/358 355/666/355 352/667/352 353/668/353
f 357/669/357 356/670/356 354/671/354 351/672/351
f 356/673/356 358/674/358 353/675/353 354/676/354
f 355/677/355 357/678/357 351/679/351 352/680/352
f 264/531/264 263/530/263 358/674/358 356/673/356
f 353/668/353 352/667/352 361/545/361 360/544/360
f 351/672/351 354/671/354 362/541/362 359/540/359
f 354/676/354 353/675/353 360/537/360 362/536/362
f 352/680/352 351/679/351 359/525/359 361/524/361
f 194/681/194 195/682/195 364/481/364 365/480/365
f 191/683/191 189/684/189 366/477/366 363/476/363
f 189/326/189 194/325/194 365/473/365 366/472/366
f 195/685/195 191/686/191 363/340/363 364/339/364
f 371/687/371 372/688/372 368/689/368 367/690/367
f 247/479/247 246/478/246 372/688/372 371/687/371
f 380/691/380 377/692/377 374/693/374 376/694/376
f 379/695/379 380/696/380 376/697/376 375/698/375
f 378/699/378 379/700/379 375/701/375 373/702/373
f 377/703/377 378/704/378 373/705/373 374/706/374
f 250/491/250 249/490/249 377/692/377 380/691/380
f 376/694/376 374/693/374 384/505/384 383/504/383
f 375/698/375 376/697/376 383/501/383 382/500/382
f 373/702/373 375/701/375 382/497/382 381/496/381
f 374/706/374 373/705/373 381/485/381 384/484/384
f 392/707/392 388/708/388 387/709/387 391/710/391
f 385/711/385 387/709/387 388/708/388 386/712/386
f 386/712/386 390/713/390 389/714/389 385/711/385
f 390/713/390 392/707/392 391/710/391 389/714/389
f 287/580/287 288/579/288 386/712/386 388/708/388
f 389/715/389 391/716/391 618/717/618 620/718/620
f 390/719/390 286/720/286 225/721/225 226/722/226
f 392/707/392 390/713/390 226/598/226 228/597/228
f 285/723/285 392/724/392 228/725/228 227/726/227
f 400/727/400 393/728/393 394/729/394 399/730/399
f 393/728/393 396/731/396 395/732/395 394/729/394
f 396/731/396 397/733/397 398/734/398 395/732/395
f 399/730/399 398/734/398 397/733/397 400/727/400
f 400/735/400 287/736/287 388/737/388 393/738/393
f 398/739/398 399/740/399 550/741/550 552/742/552
f 396/731/396 393/728/393 285/410/285 286/409/286
f 393/738/393 388/737/388 392/724/392 285/723/285
f 386/743/386 396/744/396 286/720/286 390/719/390
f 288/745/288 397/746/397 396/744/396 386/743/386
f 222/418/222 221/417/221 397/746/397 288/745/288
f 221/414/221 223/413/223 400/727/400 397/733/397
f 223/422/223 224/421/224 287/736/287 400/735/400
f 408/747/408 402/748/402 401/749/401 407/750/407
f 402/748/402 404/751/404 403/752/403 401/749/401
f 404/751/404 405/753/405 406/754/406 403/752/403
f 407/750/407 406/754/406 405/753/405 408/747/408
f 407/755/407 401/756/401 633/757/633 634/758/634
f 408/759/408 371/760/371 367/761/367 402/762/402
f 402/762/402 367/761/367 370/489/370 369/488/369
f 372/763/372 405/764/405 404/765/404 368/766/368
f 246/475/246 245/474/245 405/764/405 372/763/372
f 245/483/245 248/482/248 408/747/408 405/753/405
f 248/342/248 247/341/247 371/760/371 408/759/408
f 410/767/410 411/768/411 412/769/412 409/770/409
f 414/771/414 412/769/412 411/768/411 413/772/413
f 409/770/409 415/773/415 416/774/416 410/767/410
f 415/773/415 414/771/414 413/772/413 416/774/416
f 411/768/411 410/767/410 379/700/379 378/699/378
f 414/771/414 415/773/415 652/775/652 651/776/651
f 410/777/410 250/778/250 380/696/380 379/695/379
f 416/779/416 369/780/369 250/781/250 410/782/410
f 370/783/370 413/784/413 411/785/411 249/786/249
f 249/786/249 411/785/411 378/704/378 377/703/377
f 367/690/367 368/689/368 413/784/413 370/783/370
f 368/766/368 404/765/404 416/774/416 413/772/413
f 404/751/404 402/748/402 369/780/369 416/779/416
f 424/787/424 419/788/419 420/789/420 423/790/423
f 419/788/419 417/791/417 418/792/418 420/789/420
f 417/791/417 421/793/421 422/794/422 418/792/418
f 423/790/423 422/794/422 421/793/421 424/787/424
f 309/608/309 311/607/311 418/795/418 301/796/301
f 301/796/301 418/795/418 422/797/422 308/798/308
f 311/612/311 310/611/310 420/789/420 418/792/418
f 417/791/417 419/788/419 586/799/586 587/800/587
f 420/801/420 302/802/302 307/803/307 423/804/423
f 310/610/310 312/609/312 302/802/302 420/801/420
f 422/794/422 423/790/423 237/805/237 238/806/238
f 308/798/308 422/797/422 238/807/238 240/808/240
f 423/804/423 307/803/307 239/809/239 237/810/237
f 432/811/432 426/812/426 425/813/425 431/814/431
f 426/815/426 428/816/428 427/817/427 425/818/425
f 428/816/428 429/819/429 430/820/430 427/817/427
f 431/814/431 430/821/430 429/822/429 432/811/432
f 430/823/430 431/824/431 602/825/602 604/826/604
f 428/816/428 426/815/426 304/468/304 306/467/306
f 237/810/237 239/809/239 432/811/432 429/822/429
f 440/827/440 433/828/433 434/829/434 439/830/439
f 433/831/433 436/832/436 435/833/435 434/834/434
f 436/832/436 437/835/437 438/836/438 435/833/435
f 439/837/439 438/836/438 437/835/437 440/838/440
f 440/839/440 429/819/429 428/816/428 433/840/433
f 439/830/439 434/829/434 537/841/537 538/842/538
f 436/832/436 433/831/433 303/456/303 305/455/305
f 433/840/433 428/816/428 306/467/306 303/471/303
f 426/843/426 436/832/436 305/455/305 304/469/304
f 432/844/432 437/835/437 436/832/436 426/843/426
f 239/462/239 240/461/240 437/835/437 432/844/432
f 240/461/240 238/845/238 440/838/440 437/835/437
f 238/806/238 237/805/237 429/819/429 440/839/440
f 448/846/448 442/847/442 441/848/441 447/849/447
f 442/847/442 444/850/444 443/851/443 441/848/441
f 444/850/444 445/852/445 446/853/446 443/851/443
f 447/849/447 446/853/446 445/852/445 448/846/448
f 447/849/447 441/848/441 525/854/525 526/855/526
f 444/850/444 442/847/442 333/565/333 336/564/336
f 448/846/448 331/856/331 329/857/329 442/847/442
f 442/847/442 329/857/329 334/570/334 333/565/333
f 330/643/330 444/858/444 336/575/336 335/572/335
f 332/642/332 445/859/445 444/858/444 330/643/330
f 280/860/280 279/861/279 445/859/445 332/642/332
f 279/862/279 278/863/278 448/846/448 445/852/445
f 278/863/278 277/864/277 331/856/331 448/846/448
f 456/865/456 449/866/449 450/867/450 455/868/455
f 449/866/449 451/869/451 452/870/452 450/867/450
f 451/869/451 453/871/453 454/872/454 452/870/452
f 455/868/455 454/872/454 453/871/453 456/865/456
f 450/873/450 313/874/313 317/875/317 455/876/455
f 325/634/325 326/633/326 313/874/313 450/873/450
f 449/877/449 456/878/456 497/879/497 498/880/498
f 328/640/328 325/639/325 450/867/450 452/870/452
f 327/638/327 328/637/328 452/881/452 314/882/314
f 314/882/314 452/881/452 454/883/454 318/884/318
f 454/872/454 455/868/455 275/622/275 276/621/276
f 318/884/318 454/883/454 276/630/276 273/629/273
f 455/876/455 317/875/317 274/624/274 275/623/275
f 459/885/459 457/886/457 458/887/458 460/888/460
f 457/886/457 461/889/461 462/890/462 458/887/458
f 460/888/460 464/891/464 463/892/463 459/885/459
f 464/891/464 462/890/462 461/889/461 463/892/463
f 320/626/320 321/625/321 458/893/458 315/894/315
f 315/894/315 458/893/458 462/895/462 323/896/323
f 321/628/321 322/627/322 460/888/460 458/887/458
f 461/897/461 457/898/457 514/899/514 515/900/515
f 322/632/322 319/631/319 316/901/316 460/902/460
f 460/902/460 316/901/316 324/903/324 464/904/464
f 462/890/462 464/891/464 277/905/277 278/906/278
f 323/896/323 462/895/462 278/907/278 279/908/279
f 464/904/464 324/903/324 280/646/280 277/645/277
f 472/909/472 468/910/468 467/911/467 471/912/471
f 465/913/465 467/911/467 468/910/468 466/914/466
f 466/915/466 470/916/470 469/917/469 465/918/465
f 470/919/470 472/909/472 471/912/471 469/920/469
f 340/654/340 342/653/342 466/914/466 468/910/468
f 469/920/469 471/912/471 562/921/562 564/922/564
f 342/656/342 339/655/339 338/923/338 466/915/466
f 466/915/466 338/923/338 344/924/344 470/916/470
f 337/925/337 468/926/468 472/927/472 343/928/343
f 341/658/341 340/657/340 468/926/468 337/925/337
f 470/916/470 344/924/344 262/664/262 261/663/261
f 472/909/472 470/919/470 261/929/261 259/930/259
f 343/928/343 472/927/472 259/931/259 260/932/260
f 476/933/476 473/934/473 474/935/474 475/936/475
f 478/937/478 474/935/474 473/934/473 477/938/477
f 475/936/475 479/939/479 480/940/480 476/933/476
f 479/939/479 478/937/478 477/938/477 480/940/480
f 263/941/263 473/942/473 355/666/355 358/665/358
f 350/943/350 477/944/477 473/945/473 263/946/263
f 473/934/473 476/933/476 357/678/357 355/677/355
f 479/947/479 475/948/475 574/949/574 576/950/576
f 476/951/476 264/952/264 356/670/356 357/669/357
f 480/953/480 349/954/349 264/955/264 476/956/476
f 346/662/346 345/661/345 480/940/480 477/938/477
f 487/957/487 481/958/481 482/959/482 488/960/488
f 484/961/484 482/959/482 481/958/481 483/962/483
f 483/962/483 485/963/485 486/964/486 484/961/484
f 485/963/485 487/957/487 488/960/488 486/964/486
f 347/965/347 488/966/488 482/967/482 345/968/345
f 345/968/345 482/967/482 349/954/349 480/953/480
f 487/957/487 485/963/485 483/962/483 481/958/481
f 482/959/482 484/961/484 350/529/350 349/528/349
f 484/969/484 346/970/346 477/944/477 350/943/350
f 486/971/486 348/972/348 346/970/346 484/969/484
f 260/932/260 259/931/259 486/964/486 488/960/488
f 259/973/259 261/974/261 348/972/348 486/971/486
f 262/975/262 260/976/260 488/966/488 347/965/347
f 491/977/491 489/978/489 490/979/490 492/980/492
f 489/981/489 493/982/493 494/983/494 490/984/490
f 492/980/492 496/985/496 495/986/495 491/977/491
f 496/985/496 494/987/494 493/988/493 495/986/495
f 164/268/164 166/267/166 490/984/490 89/989/89
f 89/989/89 490/984/490 494/983/494 172/990/172
f 166/274/166 167/273/167 492/980/492 490/979/490
f 489/991/489 491/992/491 665/993/665 666/994/666
f 167/273/167 168/276/168 90/995/90 492/980/492
f 492/980/492 90/995/90 170/996/170 496/985/496
f 756/997/756 753/998/753 52/999/52 51/1000/51
f 755/1001/755 756/1002/756 51/1003/51 48/1004/48
f 753/998/753 752/1005/752 49/1006/49 52/999/52
f 500/1007/500 499/1008/499 503/1009/503 504/1010/504
f 451/1011/451 449/1012/449 498/1013/498 499/1014/499
f 456/865/456 453/871/453 500/1015/500 497/1016/497
f 453/1017/453 451/1018/451 499/1008/499 500/1007/500
f 504/1010/504 503/1009/503 507/1019/507 508/1020/508
f 498/880/498 497/879/497 501/1021/501 502/1022/502
f 497/1016/497 500/1015/500 504/1023/504 501/1024/501
f 499/1014/499 498/1013/498 502/1025/502 503/1026/503
f 508/1020/508 507/1019/507 511/1027/511 512/1028/512
f 502/1022/502 501/1021/501 505/1029/505 506/1030/506
f 501/1031/501 504/1032/504 508/1033/508 505/1034/505
f 503/1026/503 502/1025/502 506/1035/506 507/1036/507
f 511/1037/511 510/1038/510 509/1039/509 512/1040/512
f 506/1030/506 505/1029/505 509/1041/509 510/1042/510
f 505/1034/505 508/1033/508 512/1043/512 509/1044/509
f 507/1036/507 506/1035/506 510/1045/510 511/1046/511
f 513/1047/513 516/1048/516 520/1049/520 517/1050/517
f 463/1051/463 461/1052/461 515/1053/515 516/1054/516
f 459/1055/459 463/1056/463 516/1048/516 513/1047/513
f 457/886/457 459/885/459 513/1057/513 514/1058/514
f 517/1059/517 520/1060/520 524/1061/524 521/1062/521
f 514/1058/514 513/1057/513 517/1063/517 518/1064/518
f 516/1065/516 515/1066/515 519/1067/519 520/1068/520
f 515/900/515 514/899/514 518/1069/518 519/1070/519
f 522/1071/522 521/1072/521 524/1073/524 523/1074/523
f 518/1064/518 517/1063/517 521/1075/521 522/1076/522
f 520/1068/520 519/1067/519 523/1077/523 524/1078/524
f 519/1079/519 518/1080/518 522/1081/522 523/1082/523
f 528/1083/528 526/1084/526 530/1085/530 532/1086/532
f 446/1087/446 447/1088/447 526/1089/526 528/1090/528
f 441/848/441 443/851/443 527/1091/527 525/854/525
f 443/1092/443 446/1093/446 528/1094/528 527/1095/527
f 529/1096/529 531/1097/531 535/1098/535 533/1099/533
f 525/854/525 527/1091/527 531/1097/531 529/1096/529
f 527/1100/527 528/1083/528 532/1086/532 531/1101/531
f 526/855/526 525/854/525 529/1096/529 530/1102/530
f 536/1103/536 534/1104/534 533/1105/533 535/1106/535
f 531/1101/531 532/1086/532 536/1107/536 535/1108/535
f 530/1102/530 529/1096/529 533/1099/533 534/1109/534
f 532/1086/532 530/1085/530 534/1110/534 536/1107/536
f 540/1111/540 538/1112/538 542/1113/542 544/1114/544
f 438/836/438 439/837/439 538/1115/538 540/1116/540
f 434/834/434 435/833/435 539/1117/539 537/1118/537
f 435/833/435 438/836/438 540/1116/540 539/1117/539
f 543/1119/543 544/1114/544 548/1120/548 547/1121/547
f 537/1122/537 539/1123/539 543/1124/543 541/1125/541
f 539/1126/539 540/1111/540 544/1114/544 543/1119/543
f 538/842/538 537/841/537 541/1127/541 542/1128/542
f 548/1129/548 546/1130/546 545/1131/545 547/1132/547
f 542/1133/542 541/1125/541 545/1134/545 546/1135/546
f 544/1114/544 542/1113/542 546/1136/546 548/1120/548
f 541/1125/541 543/1124/543 547/1137/547 545/1134/545
f 552/742/552 550/741/550 554/1138/554 556/1139/556
f 394/729/394 395/732/395 551/1140/551 549/1141/549
f 395/1142/395 398/1143/398 552/1144/552 551/1145/551
f 399/1146/399 394/1147/394 549/1148/549 550/1149/550
f 555/1150/555 556/1151/556 560/1152/560 559/1153/559
f 549/1154/549 551/1155/551 555/1156/555 553/1157/553
f 551/1145/551 552/1144/552 556/1151/556 555/1150/555
f 550/1149/550 549/1148/549 553/1158/553 554/1159/554
f 560/1160/560 558/1161/558 557/1162/557 559/1163/559
f 554/1159/554 553/1158/553 557/1164/557 558/1165/558
f 556/1139/556 554/1138/554 558/1166/558 560/1167/560
f 553/1157/553 555/1156/555 559/1168/559 557/1169/557
f 564/1170/564 562/1171/562 566/1172/566 568/1173/568
f 465/918/465 469/917/469 564/1174/564 563/1175/563
f 467/1176/467 465/1177/465 563/1178/563 561/1179/561
f 471/1180/471 467/1181/467 561/1182/561 562/1183/562
f 567/1184/567 568/1185/568 572/1186/572 571/1187/571
f 561/1179/561 563/1178/563 567/1188/567 565/1189/565
f 563/1175/563 564/1174/564 568/1185/568 567/1184/567
f 562/1183/562 561/1182/561 565/1190/565 566/1191/566
f 569/1192/569 571/1193/571 572/1194/572 570/1195/570
f 566/1191/566 565/1190/565 569/1196/569 570/1197/570
f 568/1173/568 566/1172/566 570/1198/570 572/1199/572
f 565/1189/565 567/1188/567 571/1200/571 569/1201/569
f 573/1202/573 575/1203/575 579/1204/579 577/1205/577
f 474/1206/474 478/1207/478 575/1203/575 573/1202/573
f 475/948/475 474/1208/474 573/1209/573 574/949/574
f 478/1207/478 479/1210/479 576/1211/576 575/1203/575
f 580/1212/580 578/1213/578 582/1214/582 584/1215/584
f 576/950/576 574/949/574 578/1216/578 580/1217/580
f 574/949/574 573/1209/573 577/1218/577 578/1216/578
f 575/1203/575 576/1211/576 580/1219/580 579/1204/579
f 583/1220/583 584/1215/584 582/1214/582 581/1221/581
f 578/1216/578 577/1218/577 581/1222/581 582/1223/582
f 579/1204/579 580/1219/580 584/1224/584 583/1225/583
f 577/1205/577 579/1204/579 583/1225/583 581/1226/581
f 588/1227/588 587/1228/587 591/1229/591 592/1230/592
f 424/1231/424 421/1232/421 588/1233/588 585/1234/585
f 421/1235/421 417/1236/417 587/1228/587 588/1227/588
f 419/1237/419 424/1238/424 585/1239/585 586/1240/586
f 592/1230/592 591/1229/591 595/1241/595 596/1242/596
f 586/1240/586 585/1239/585 589/1243/589 590/1244/590
f 585/1234/585 588/1233/588 592/1245/592 589/1246/589
f 587/1247/587 586/1248/586 590/1249/590 591/1250/591
f 593/1251/593 596/1252/596 600/1253/600 597/1254/597
f 590/1244/590 589/1243/589 593/1255/593 594/1256/594
f 589/1246/589 592/1245/592 596/1257/596 593/1258/593
f 591/1250/591 590/1249/590 594/1259/594 595/1260/595
f 599/1261/599 598/1262/598 597/1263/597 600/1264/600
f 595/1260/595 594/1259/594 598/1265/598 599/1266/599
f 596/1267/596 595/1268/595 599/1269/599 600/1270/600
f 594/1271/594 593/1251/593 597/1254/597 598/1272/598
f 602/1273/602 601/1274/601 605/1275/605 606/1276/606
f 425/1277/425 427/1278/427 603/1279/603 601/1280/601
f 427/817/427 430/820/430 604/1281/604 603/1282/603
f 431/814/431 425/813/425 601/1283/601 602/1284/602
f 608/1285/608 606/1286/606 610/1287/610 612/1288/612
f 604/826/604 602/825/602 606/1286/606 608/1285/608
f 601/1280/601 603/1279/603 607/1289/607 605/1290/605
f 603/1282/603 604/1281/604 608/1291/608 607/1292/607
f 611/1293/611 612/1294/612 616/1295/616 615/1296/615
f 605/1290/605 607/1289/607 611/1297/611 609/1298/609
f 607/1292/607 608/1291/608 612/1294/612 611/1293/611
f 606/1276/606 605/1275/605 609/1299/609 610/1300/610
f 616/1301/616 614/1302/614 613/1303/613 615/1304/615
f 610/1300/610 609/1299/609 613/1305/613 614/1306/614
f 612/1288/612 610/1287/610 614/1307/614 616/1308/616
f 609/1298/609 611/1297/611 615/1309/615 613/1310/613
f 617/1311/617 619/1312/619 623/1313/623 621/1314/621
f 385/1315/385 389/1316/389 620/1317/620 619/1318/619
f 387/709/387 385/711/385 619/1319/619 617/1320/617
f 391/1321/391 387/1322/387 617/1323/617 618/1324/618
f 623/1325/623 624/1326/624 628/1327/628 627/1328/627
f 619/1318/619 620/1317/620 624/1326/624 623/1325/623
f 618/1324/618 617/1323/617 621/1329/621 622/1330/622
f 620/718/620 618/717/618 622/1331/622 624/1332/624
f 626/1333/626 625/1334/625 629/1335/629 630/1336/630
f 622/1330/622 621/1329/621 625/1334/625 626/1333/626
f 624/1332/624 622/1331/622 626/1337/626 628/1338/628
f 621/1314/621 623/1313/623 627/1339/627 625/1340/625
f 629/1341/629 631/1342/631 632/1343/632 630/1344/630
f 628/1338/628 626/1337/626 630/1345/630 632/1346/632
f 625/1340/625 627/1339/627 631/1347/631 629/1348/629
f 627/1328/627 628/1327/628 632/1343/632 631/1342/631
f 635/1349/635 636/1350/636 640/1351/640 639/1352/639
f 406/1353/406 407/1354/407 634/1355/634 636/1356/636
f 401/749/401 403/752/403 635/1357/635 633/1358/633
f 403/1359/403 406/1360/406 636/1350/636 635/1349/635
f 640/1361/640 638/1362/638 642/1363/642 644/1364/644
f 634/758/634 633/757/633 637/1365/637 638/1366/638
f 636/1356/636 634/1355/634 638/1362/638 640/1361/640
f 633/1367/633 635/1368/635 639/1369/639 637/1370/637
f 641/1371/641 643/1372/643 647/1373/647 645/1374/645
f 637/1370/637 639/1369/639 643/1372/643 641/1371/641
f 639/1352/639 640/1351/640 644/1375/644 643/1376/643
f 638/1366/638 637/1365/637 641/1377/641 642/1378/642
f 648/1379/648 646/1380/646 645/1381/645 647/1382/647
f 643/1376/643 644/1375/644 648/1383/648 647/1384/647
f 642/1378/642 641/1377/641 645/1385/645 646/1386/646
f 644/1364/644 642/1363/642 646/1387/646 648/1388/648
f 651/1389/651 652/1390/652 656/1391/656 655/1392/655
f 415/1393/415 409/1394/409 650/1395/650 652/1396/652
f 412/1397/412 414/1398/414 651/1399/651 649/1400/649
f 409/770/409 412/769/412 649/1401/649 650/1402/650
f 656/1403/656 654/1404/654 658/1405/658 660/1406/660
f 649/1400/649 651/1399/651 655/1407/655 653/1408/653
f 652/1396/652 650/1395/650 654/1404/654 656/1403/656
f 650/1409/650 649/1410/649 653/1411/653 654/1412/654
f 660/1406/660 658/1405/658 662/1413/662 664/1414/664
f 654/1412/654 653/1411/653 657/1415/657 658/1416/658
f 655/1392/655 656/1391/656 660/1417/660 659/1418/659
f 653/1408/653 655/1407/655 659/1419/659 657/1420/657
f 663/1421/663 664/1414/664 662/1413/662 661/1422/661
f 658/1416/658 657/1415/657 661/1423/661 662/1424/662
f 659/1418/659 660/1417/660 664/1425/664 663/1426/663
f 657/1420/657 659/1419/659 663/1427/663 661/1428/661
f 665/1429/665 668/1430/668 672/1431/672 669/1432/669
f 493/982/493 489/981/489 666/1433/666 667/1434/667
f 495/986/495 493/988/493 667/1435/667 668/1436/668
f 491/977/491 495/986/495 668/1436/668 665/1437/665
f 670/1438/670 669/1439/669 673/1440/673 674/1441/674
f 666/994/666 665/993/665 669/1439/669 670/1438/670
f 668/1442/668 667/1443/667 671/1444/671 672/1445/672
f 667/1434/667 666/1433/666 670/1446/670 671/1447/671
f 676/1448/676 675/1449/675 679/1450/679 680/1451/680
f 672/1445/672 671/1444/671 675/1449/675 676/1448/676
f 671/1447/671 670/1446/670 674/1452/674 675/1453/675
f 669/1432/669 672/1431/672 676/1454/676 673/1455/673
f 678/1456/678 677/1457/677 680/1458/680 679/1459/679
f 675/1453/675 674/1452/674 678/1460/678 679/1461/679
f 673/1455/673 676/1454/676 680/1462/680 677/1463/677
f 674/1441/674 673/1440/673 677/1464/677 678/1465/678
f 681/1466/681 684/1467/684 688/1468/688 685/1469/685
f 213/388/213 218/387/218 681/1470/681 682/1471/682
f 215/393/215 213/395/213 682/1472/682 683/401/683
f 218/1473/218 219/1474/219 684/1475/684 681/1476/681
f 688/1477/688 687/1478/687 691/1479/691 692/1480/692
f 684/402/684 683/401/683 687/1481/687 688/1482/688
f 683/401/683 682/1472/682 686/1483/686 687/1481/687
f 682/1484/682 681/1466/681 685/1469/685 686/1485/686
f 691/1486/691 690/1487/690 694/1488/694 695/1489/695
f 687/1481/687 686/1483/686 690/1487/690 691/1486/691
f 686/1490/686 685/1491/685 689/1492/689 690/1493/690
f 685/1469/685 688/1468/688 692/1494/692 689/1495/689
f 695/1496/695 694/1497/694 693/1498/693 696/1499/696
f 690/1500/690 689/1501/689 693/1502/693 694/1503/694
f 689/1495/689 692/1494/692 696/1504/696 693/1505/693
f 692/1506/692 691/1507/691 695/1496/695 696/1499/696
f 699/1508/699 700/1509/700 704/1510/704 703/1511/703
f 87/214/87 169/278/169 700/1509/700 699/1508/699
f 171/1512/171 88/1513/88 698/1514/698 697/1515/697
f 88/1516/88 87/1517/87 699/1518/699 698/1519/698
f 703/1520/703 704/1521/704 708/1522/708 707/1523/707
f 697/1515/697 698/1514/698 702/1524/702 701/1525/701
f 700/284/700 697/283/697 701/1526/701 704/1527/704
f 698/1528/698 699/1508/699 703/1511/703 702/1529/702
f 706/1530/706 707/1531/707 708/1532/708 705/1533/705
f 701/1526/701 702/1534/702 706/1535/706 705/1536/705
f 704/1527/704 701/1526/701 705/1536/705 708/1537/708
f 702/1538/702 703/1520/703 707/1523/707 706/1539/706
f 711/1540/711 712/1541/712 716/1542/716 715/1543/715
f 161/96/161 92/232/92 710/1544/710 709/1545/709
f 91/1546/91 159/1547/159 712/1541/712 711/1540/711
f 159/1548/159 161/1549/161 709/1550/709 712/1551/712
f 713/1552/713 714/1553/714 718/1554/718 717/1555/717
f 709/1545/709 710/1544/710 714/1556/714 713/1557/713
f 712/1551/712 709/1550/709 713/1558/713 716/1559/716
f 710/264/710 711/263/711 715/1560/715 714/1561/714
f 718/1562/718 719/1563/719 720/1564/720 717/1565/717
f 716/1559/716 713/1558/713 717/1566/717 720/1567/720
f 714/1561/714 715/1560/715 719/1568/719 718/1566/718
f 715/1569/715 716/1570/716 720/1564/720 719/1563/719
f 724/1571/724 723/1572/723 727/1573/727 728/1574/728
f 42/114/42 41/98/41 721/1575/721 722/1576/722
f 46/1577/46 45/1578/45 723/1572/723 724/1571/724
f 41/1579/41 46/1580/46 724/1581/724 721/1582/721
f 725/1583/725 728/1584/728 732/1585/732 729/1586/729
f 722/1587/722 721/1588/721 725/1589/725 726/1590/726
f 721/1582/721 724/1581/724 728/1591/728 725/1592/725
f 723/1593/723 722/1587/722 726/1590/726 727/1594/727
f 732/1595/732 731/1596/731 730/1597/730 729/1598/729
f 727/1599/727 726/1600/726 730/1601/730 731/1602/731
f 728/1574/728 727/1573/727 731/1603/731 732/1604/732
f 726/1590/726 725/1589/725 729/1605/729 730/1606/730
f 735/1607/735 736/1608/736 740/1609/740 739/1610/739
f 43/101/43 46/408/46 735/1611/735 733/1612/733
f 44/102/44 43/101/43 733/1612/733 734/1613/734
f 46/1614/46 41/1615/41 736/1616/736 735/1617/735
f 740/1618/740 738/1619/738 742/1620/742 744/1621/744
f 733/1622/733 735/1623/735 739/1624/739 737/1625/737
f 736/1626/736 734/1627/734 738/1619/738 740/1618/740
f 734/1627/734 733/1628/733 737/1629/737 738/1619/738
f 741/1630/741 743/1631/743 744/1632/744 742/1633/742
f 738/1619/738 737/1629/737 741/1634/741 742/1620/742
f 739/1610/739 740/1609/740 744/1632/744 743/1631/743
f 737/1625/737 739/1624/739 743/1635/743 741/1636/741
f 47/1637/47 48/1004/48 764/1638/764 763/1639/763
f 762/1640/762 761/1641/761 746/1642/746 750/1643/750
f 758/1644/758 759/1645/759 749/1646/749 748/1647/748
f 759/1648/759 762/1640/762 750/1643/750 749/1649/749
f 760/1650/760 761/1651/761 746/1652/746 745/1653/745
f 757/1654/757 758/1644/758 796/1655/796 795/1656/795
f 757/1657/757 760/1650/760 745/1653/745 747/1658/747
f 750/1643/750 746/1642/746 752/1005/752 753/998/753
f 748/1647/748 749/1646/749 756/1002/756 755/1001/755
f 749/1649/749 750/1643/750 753/998/753 756/997/756
f 745/1653/745 746/1652/746 752/123/752 751/115/751
f 747/1659/747 748/1660/748 755/120/755 754/119/754
f 747/1658/747 745/1653/745 751/115/751 754/1661/754
f 171/1662/171 169/1663/169 760/1664/760 757/1665/757
f 171/280/171 172/279/172 758/1666/758 757/1667/757
f 169/278/169 170/277/170 761/1651/761 760/1650/760
f 494/987/494 496/985/496 762/1640/762 759/1648/759
f 172/990/172 494/983/494 759/1645/759 758/1644/758
f 496/985/496 170/996/170 761/1641/761 762/1640/762
f 766/1668/766 763/1669/763 769/1670/769 772/1671/772
f 51/1672/51 52/1673/52 768/1674/768 767/1675/767
f 52/999/52 49/1006/49 765/1676/765 768/1677/768
f 49/1678/49 50/1679/50 766/1680/766 765/1681/765
f 50/1682/50 47/1683/47 763/1669/763 766/1668/766
f 48/1004/48 51/1003/51 767/1684/767 764/1638/764
f 773/1685/773 774/1686/774 780/1687/780 779/1688/779
f 764/1638/764 767/1684/767 773/1685/773 770/1689/770
f 763/1690/763 764/1691/764 770/1692/770 769/1693/769
f 767/1684/767 768/1694/768 774/1686/774 773/1685/773
f 768/1677/768 765/1676/765 771/1695/771 774/1696/774
f 765/1681/765 766/1680/766 772/1697/772 771/1698/771
f 775/1699/775 776/1700/776 779/1701/779 780/1702/780 777/1703/777 778/1704/778
f 774/1696/774 771/1695/771 777/1705/777 780/1706/780
f 771/1698/771 772/1697/772 778/1707/778 777/1708/777
f 772/1671/772 769/1670/769 775/1699/775 778/1704/778
f 770/1689/770 773/1685/773 779/1688/779 776/1709/776
f 769/1693/769 770/1692/770 776/1710/776 775/1711/775
f 784/1712/784 783/1713/783 787/1714/787 788/1715/788
f 50/1716/50 47/1717/47 782/1718/782 781/1719/781
f 754/1720/754 751/1721/751 783/1722/783 784/1723/784
f 47/1724/47 754/1720/754 784/1723/784 782/1725/782
f 786/1726/786 788/1727/788 792/1728/792 790/1729/790
f 783/1730/783 781/1731/781 785/1732/785 787/1733/787
f 782/1725/782 784/1723/784 788/1727/788 786/1726/786
f 781/1719/781 782/1718/782 786/1734/786 785/1735/785
f 792/1736/792 791/1737/791 789/1738/789 790/1739/790
f 785/1735/785 786/1734/786 790/1740/790 789/1741/789
f 788/1715/788 787/1714/787 791/1742/791 792/1743/792
f 787/1733/787 785/1732/785 789/1744/789 791/1745/791
f 795/1746/795 796/1747/796 800/1748/800 799/1749/799
f 758/1644/758 748/1647/748 793/1750/793 796/1655/796
f 748/1660/748 747/1659/747 794/1751/794 793/1752/793
f 747/1753/747 757/1754/757 795/1755/795 794/1756/794
f 797/1757/797 798/1758/798 802/1759/802 801/1760/801
f 794/1761/794 795/1762/795 799/1763/799 798/1764/798
f 796/1765/796 793/1766/793 797/1767/797 800/1768/800
f 793/1752/793 794/1751/794 798/1758/798 797/1757/797
f 803/1769/803 804/1770/804 801/1771/801 802/1772/802
f 799/1749/799 800/1748/800 804/1773/804 803/1774/803
f 798/1775/798 799/1776/799 803/1777/803 802/1778/802
f 800/1779/800 797/1780/797 801/1781/801 804/1782/804
